reason,passId,levelId,tilecount,midspin,hits,perfect,dlLink
no_download,79,167,,,4658,4641,https://fixcdn.hyonsu.com/attachments/1212666371687579688/1212666481964490812/Wheelbarrow.zip?ex=65f2aaab&is=65e035ab&hm=463cc637f17296e9a33c095320cf653cf96b2c3f118ec0bb92e82375587e7963&
no_download,97,167,,,4658,4546,https://fixcdn.hyonsu.com/attachments/1212666371687579688/1212666481964490812/Wheelbarrow.zip?ex=65f2aaab&is=65e035ab&hm=463cc637f17296e9a33c095320cf653cf96b2c3f118ec0bb92e82375587e7963&
no_download,99,167,,,4658,4449,https://fixcdn.hyonsu.com/attachments/1212666371687579688/1212666481964490812/Wheelbarrow.zip?ex=65f2aaab&is=65e035ab&hm=463cc637f17296e9a33c095320cf653cf96b2c3f118ec0bb92e82375587e7963&
ancient_5405,110,184,2460,10,50,40,https://api.tuforums.com/cdn/2fd9e23c-4392-4613-999b-12af36fe6374
ancient_5405,111,185,4419,51,50,40,https://api.tuforums.com/cdn/03aa9b79-6a88-4400-8021-3b4cdda65756
no_download,217,324,,,2675,2631,
ancient_5405,224,892,2530,46,50,40,https://api.tuforums.com/cdn/c42bd1c9-cd6e-4abf-acdc-f00342aa50f2
ancient_5405,265,348,1801,54,50,40,https://api.tuforums.com/cdn/a097121b-4905-4dd0-a3da-87cb23faa5f3
ancient_5405,267,358,2729,423,50,40,https://api.tuforums.com/cdn/df46aeb9-72c7-46af-b08a-c3c730bf76f5
ancient_5405,269,1884,3855,5,50,40,https://api.tuforums.com/cdn/e24df5e5-672e-47ba-90c2-91a05bd5b156
ancient_5405,271,353,2050,2,50,40,https://api.tuforums.com/cdn/90c3a953-4052-4943-a293-1dc56a65ddaa
ancient_5405,273,355,2250,104,50,40,https://api.tuforums.com/cdn/b0edfea5-7608-4b93-9ac4-d2096712942d
ancient_5405,278,358,2729,423,50,40,https://api.tuforums.com/cdn/df46aeb9-72c7-46af-b08a-c3c730bf76f5
ancient_5405,280,352,3351,85,50,40,https://api.tuforums.com/cdn/d1ba58cc-1918-4749-b739-bad8751bd039
ancient_5405,284,357,3795,51,50,40,https://api.tuforums.com/cdn/40422c35-bc57-4451-9f7d-63663c344315
no_download,310,385,,,1275,1218,https://fixcdn.hyonsu.com/attachments/857154367106187267/1001669767259754496/Oyasmy_Fix.zip
ancient_5405,330,887,2424,0,50,40,https://api.tuforums.com/cdn/713b1ee1-e75a-48d8-9924-04ce312d9541
ancient_5405,333,887,2424,0,50,40,https://api.tuforums.com/cdn/713b1ee1-e75a-48d8-9924-04ce312d9541
ancient_5405,335,887,2424,0,50,40,https://api.tuforums.com/cdn/713b1ee1-e75a-48d8-9924-04ce312d9541
no_download,340,386,,,1899,1763,https://fixcdn.hyonsu.com/attachments/1212666371687579688/1212666819945701376/Schwank.zip?ex=65f2aafc&is=65e035fc&hm=58e2b1269a6fb9040ad47504e200314e0cf6173268d045a395e1d4ca8376b7bb&
no_download,345,385,,,1275,1253,https://fixcdn.hyonsu.com/attachments/857154367106187267/1001669767259754496/Oyasmy_Fix.zip
ancient_5405,352,358,2729,423,50,40,https://api.tuforums.com/cdn/df46aeb9-72c7-46af-b08a-c3c730bf76f5
no_download,368,1024,,,1307,1262,https://fixcdn.hyonsu.com/attachments/857154367106187267/1079032801057325086/Oyasmy.zip
ancient_5405,388,453,2903,92,50,40,https://api.tuforums.com/cdn/00cf9652-0922-4fa6-94f3-e8dd1a0a8616
ancient_5405,389,451,3157,9,50,40,https://api.tuforums.com/cdn/c7133285-b93a-4df8-b82c-0d08ef3892ee
ancient_5405,390,451,3157,9,50,40,https://api.tuforums.com/cdn/c7133285-b93a-4df8-b82c-0d08ef3892ee
ancient_5405,391,453,2903,92,50,40,https://api.tuforums.com/cdn/00cf9652-0922-4fa6-94f3-e8dd1a0a8616
ancient_5405,392,454,2775,86,50,40,https://api.tuforums.com/cdn/def6b858-43be-43df-b134-d661cde74ba4
ancient_5405,393,451,3157,9,50,40,https://api.tuforums.com/cdn/c7133285-b93a-4df8-b82c-0d08ef3892ee
ancient_5405,394,455,1918,40,50,40,https://api.tuforums.com/cdn/5fd8afb8-72b6-48e4-a972-48c476a6712d
ancient_5405,395,451,3157,9,50,40,https://api.tuforums.com/cdn/c7133285-b93a-4df8-b82c-0d08ef3892ee
ancient_5405,396,452,4448,65,50,40,https://api.tuforums.com/cdn/e3d27a2a-f106-4683-be4e-3a281b7afc71
ancient_5405,397,2881,1795,24,50,40,https://api.tuforums.com/cdn/00837f69-7d16-4cc3-be63-732653df80ed
ancient_5405,399,2881,1795,24,50,40,https://api.tuforums.com/cdn/00837f69-7d16-4cc3-be63-732653df80ed
ancient_5405,401,2881,1795,24,50,40,https://api.tuforums.com/cdn/00837f69-7d16-4cc3-be63-732653df80ed
ancient_5405,402,455,1918,40,50,40,https://api.tuforums.com/cdn/5fd8afb8-72b6-48e4-a972-48c476a6712d
ancient_5405,403,451,3157,9,50,40,https://api.tuforums.com/cdn/c7133285-b93a-4df8-b82c-0d08ef3892ee
ancient_5405,404,458,2090,31,50,40,https://api.tuforums.com/cdn/65cc8196-5039-4c77-b024-ad41e775126e
ancient_5405,411,451,3157,9,50,40,https://api.tuforums.com/cdn/c7133285-b93a-4df8-b82c-0d08ef3892ee
ancient_5405,414,458,2090,31,50,40,https://api.tuforums.com/cdn/65cc8196-5039-4c77-b024-ad41e775126e
ancient_5405,417,455,1918,40,50,40,https://api.tuforums.com/cdn/5fd8afb8-72b6-48e4-a972-48c476a6712d
ancient_5405,419,467,3203,42,50,40,https://api.tuforums.com/cdn/43b6dcc5-1871-41b6-85dd-7da2c1e88a60
ancient_5405,420,453,2903,92,50,40,https://api.tuforums.com/cdn/00cf9652-0922-4fa6-94f3-e8dd1a0a8616
ancient_5405,421,464,3299,40,50,40,https://api.tuforums.com/cdn/fb6e8ff8-2775-4282-af66-fafa36078893
ancient_5405,428,2881,1795,24,50,40,https://api.tuforums.com/cdn/00837f69-7d16-4cc3-be63-732653df80ed
no_download,459,456,,,3869,3780,https://drive.google.com/file/d/1_0jq6L4Srt5Eaj6WpR3Z7Xs8d2Mn6GX9/view
no_download,470,456,,,3869,3761,https://drive.google.com/file/d/1_0jq6L4Srt5Eaj6WpR3Z7Xs8d2Mn6GX9/view
ancient_5405,487,894,2270,155,50,40,https://api.tuforums.com/cdn/d943388c-235b-4dd2-93b8-182a1ae150df
ancient_5405,491,878,3248,86,50,40,https://api.tuforums.com/cdn/ac4e93da-2793-49d9-b51d-931950b4bb40
ancient_5405,567,512,3765,8,50,40,https://api.tuforums.com/cdn/6b4a488d-b9ab-4518-a1e3-e5c604ea2b89
ancient_5405,568,513,1737,81,50,40,https://api.tuforums.com/cdn/6a05ddb4-9b7f-4d9a-a617-62319bd8ed72
ancient_5405,569,512,3765,8,50,40,https://api.tuforums.com/cdn/6b4a488d-b9ab-4518-a1e3-e5c604ea2b89
ancient_5405,570,512,3765,8,50,40,https://api.tuforums.com/cdn/6b4a488d-b9ab-4518-a1e3-e5c604ea2b89
ancient_5405,571,512,3765,8,50,40,https://api.tuforums.com/cdn/6b4a488d-b9ab-4518-a1e3-e5c604ea2b89
ancient_5405,572,515,1410,49,50,40,https://api.tuforums.com/cdn/77039727-d15f-4588-869d-b028470db5ec
ancient_5405,573,518,1812,75,50,40,https://api.tuforums.com/cdn/a23f2fb2-0a94-4e00-8be9-4651ab91fa8f
ancient_5405,574,512,3765,8,50,40,https://api.tuforums.com/cdn/6b4a488d-b9ab-4518-a1e3-e5c604ea2b89
ancient_5405,575,518,1812,75,50,40,https://api.tuforums.com/cdn/a23f2fb2-0a94-4e00-8be9-4651ab91fa8f
ancient_5405,576,512,3765,8,50,40,https://api.tuforums.com/cdn/6b4a488d-b9ab-4518-a1e3-e5c604ea2b89
ancient_5405,577,518,1812,75,50,40,https://api.tuforums.com/cdn/a23f2fb2-0a94-4e00-8be9-4651ab91fa8f
ancient_5405,581,512,3765,8,50,40,https://api.tuforums.com/cdn/6b4a488d-b9ab-4518-a1e3-e5c604ea2b89
inexact,608,512,3765,8,3774,3774,https://api.tuforums.com/cdn/6b4a488d-b9ab-4518-a1e3-e5c604ea2b89
ancient_5405,624,867,4472,612,50,40,https://api.tuforums.com/cdn/324323c9-526b-4944-9e84-dbfd732415a5
ancient_5405,637,891,1889,111,50,40,https://api.tuforums.com/cdn/12dfef59-7a4e-49d0-b39d-a47516a2f98c
ancient_5405,661,521,2323,76,50,40,https://api.tuforums.com/cdn/2167ff87-7755-4ecb-99ef-ae2483c20444
ancient_5405,702,559,1712,70,50,40,https://api.tuforums.com/cdn/62a6167b-9189-4a16-9b35-2a29b02db5b7
ancient_5405,703,557,2950,57,50,40,https://api.tuforums.com/cdn/a2ce4801-bbc2-4a79-b728-313eba368bce
ancient_5405,704,560,3314,85,50,40,https://api.tuforums.com/cdn/3d62ebf8-e634-4593-adf7-1c12590aa81e
ancient_5405,705,564,2425,22,50,40,https://api.tuforums.com/cdn/709e6b87-5b7b-441b-982f-2e15a50ba18c
ancient_5405,706,566,1826,28,50,40,https://api.tuforums.com/cdn/10638d9f-c762-424c-b483-860f5d7ff9ae
ancient_5405,707,566,1826,28,50,40,https://api.tuforums.com/cdn/10638d9f-c762-424c-b483-860f5d7ff9ae
ancient_5405,708,567,3464,130,50,40,https://api.tuforums.com/cdn/ea204897-715d-4e1b-8335-289cd1832915
ancient_5405,711,564,2425,22,50,40,https://api.tuforums.com/cdn/709e6b87-5b7b-441b-982f-2e15a50ba18c
ancient_5405,712,564,2425,22,50,40,https://api.tuforums.com/cdn/709e6b87-5b7b-441b-982f-2e15a50ba18c
ancient_5405,713,566,1826,28,50,40,https://api.tuforums.com/cdn/10638d9f-c762-424c-b483-860f5d7ff9ae
ancient_5405,714,569,2116,129,50,40,https://api.tuforums.com/cdn/b9a9fa0c-0ae4-4f91-a5c2-645ed32fbc4d
ancient_5405,715,572,2410,0,50,40,https://api.tuforums.com/cdn/72345585-648b-4df3-856e-d70e48cf346d
ancient_5405,717,560,3314,85,50,40,https://api.tuforums.com/cdn/3d62ebf8-e634-4593-adf7-1c12590aa81e
ancient_5405,758,874,3020,180,50,40,https://api.tuforums.com/cdn/71f24da0-0b67-44b3-8c75-808d928b3f02
ancient_5405,760,885,2522,143,50,40,https://api.tuforums.com/cdn/724f6704-f8af-4c12-bd01-565854bee097
ancient_5405,761,893,2437,93,50,40,https://api.tuforums.com/cdn/7d4beabd-0c23-47d5-8dc9-9a589c982033
ancient_5405,763,893,2437,93,50,40,https://api.tuforums.com/cdn/7d4beabd-0c23-47d5-8dc9-9a589c982033
ancient_5405,771,566,1826,28,50,40,https://api.tuforums.com/cdn/10638d9f-c762-424c-b483-860f5d7ff9ae
ancient_5405,807,597,2510,32,50,40,https://api.tuforums.com/cdn/3f92bb3e-645a-4060-acc2-38476437c9ab
ancient_5405,808,597,2510,32,50,40,https://api.tuforums.com/cdn/3f92bb3e-645a-4060-acc2-38476437c9ab
ancient_5405,809,883,2823,91,50,40,https://api.tuforums.com/cdn/f9febad3-fb1d-48ff-934f-990ab37f3f8b
ancient_5405,810,598,1600,140,50,40,https://api.tuforums.com/cdn/6858d187-efc3-4aaf-8869-5c011c910914
ancient_5405,811,598,1600,140,50,40,https://api.tuforums.com/cdn/6858d187-efc3-4aaf-8869-5c011c910914
ancient_5405,812,598,1600,140,50,40,https://api.tuforums.com/cdn/6858d187-efc3-4aaf-8869-5c011c910914
ancient_5405,813,597,2510,32,50,40,https://api.tuforums.com/cdn/3f92bb3e-645a-4060-acc2-38476437c9ab
ancient_5405,814,605,1983,0,50,40,https://api.tuforums.com/cdn/f937c866-17db-4506-a398-bd96aa4fd572
ancient_5405,815,605,1983,0,50,40,https://api.tuforums.com/cdn/f937c866-17db-4506-a398-bd96aa4fd572
ancient_5405,816,597,2510,32,50,40,https://api.tuforums.com/cdn/3f92bb3e-645a-4060-acc2-38476437c9ab
ancient_5405,817,605,1983,0,50,40,https://api.tuforums.com/cdn/f937c866-17db-4506-a398-bd96aa4fd572
ancient_5405,818,883,2823,91,50,40,https://api.tuforums.com/cdn/f9febad3-fb1d-48ff-934f-990ab37f3f8b
ancient_5405,819,597,2510,32,50,40,https://api.tuforums.com/cdn/3f92bb3e-645a-4060-acc2-38476437c9ab
ancient_5405,820,597,2510,32,50,40,https://api.tuforums.com/cdn/3f92bb3e-645a-4060-acc2-38476437c9ab
ancient_5405,821,599,1478,15,50,40,https://api.tuforums.com/cdn/40b603e9-be73-4dad-b640-de3c9de3ab11
ancient_5405,822,599,1478,15,50,40,https://api.tuforums.com/cdn/40b603e9-be73-4dad-b640-de3c9de3ab11
ancient_5405,823,610,2910,77,50,40,https://api.tuforums.com/cdn/063239fa-2501-4a4a-98ff-838d33ad6769
ancient_5405,824,600,1398,36,50,40,https://api.tuforums.com/cdn/e84db378-7daa-48e2-8a57-5b6d5d897335
ancient_5405,825,605,1983,0,50,40,https://api.tuforums.com/cdn/f937c866-17db-4506-a398-bd96aa4fd572
ancient_5405,826,605,1983,0,50,40,https://api.tuforums.com/cdn/f937c866-17db-4506-a398-bd96aa4fd572
ancient_5405,827,605,1983,0,50,40,https://api.tuforums.com/cdn/f937c866-17db-4506-a398-bd96aa4fd572
ancient_5405,828,600,1398,36,50,40,https://api.tuforums.com/cdn/e84db378-7daa-48e2-8a57-5b6d5d897335
ancient_5405,829,610,2910,77,50,40,https://api.tuforums.com/cdn/063239fa-2501-4a4a-98ff-838d33ad6769
ancient_5405,830,597,2510,32,50,40,https://api.tuforums.com/cdn/3f92bb3e-645a-4060-acc2-38476437c9ab
ancient_5405,831,607,1414,42,50,40,https://api.tuforums.com/cdn/e13603a8-f5d8-43a7-b8cc-d92e6cd5970f
ancient_5405,832,597,2510,32,50,40,https://api.tuforums.com/cdn/3f92bb3e-645a-4060-acc2-38476437c9ab
ancient_5405,834,598,1600,140,50,40,https://api.tuforums.com/cdn/6858d187-efc3-4aaf-8869-5c011c910914
ancient_5405,839,604,3187,68,50,40,https://api.tuforums.com/cdn/2d714ba0-9865-4f03-8c39-a41f641f3b02
ancient_5405,883,883,2823,91,50,40,https://api.tuforums.com/cdn/f9febad3-fb1d-48ff-934f-990ab37f3f8b
ancient_5405,884,605,1983,0,50,40,https://api.tuforums.com/cdn/f937c866-17db-4506-a398-bd96aa4fd572
ancient_5405,891,882,1498,133,50,40,https://api.tuforums.com/cdn/0d019191-4dc5-44e2-82d9-7900811fd3c2
ancient_5405,892,882,1498,133,50,40,https://api.tuforums.com/cdn/0d019191-4dc5-44e2-82d9-7900811fd3c2
ancient_5405,893,882,1498,133,50,40,https://api.tuforums.com/cdn/0d019191-4dc5-44e2-82d9-7900811fd3c2
ancient_5405,894,882,1498,133,50,40,https://api.tuforums.com/cdn/0d019191-4dc5-44e2-82d9-7900811fd3c2
ancient_5405,898,871,1865,0,50,40,https://api.tuforums.com/cdn/67511457-85ed-4750-8d5f-12c11cc0ab95
ancient_5405,903,871,1865,0,50,40,https://api.tuforums.com/cdn/67511457-85ed-4750-8d5f-12c11cc0ab95
ancient_5405,904,871,1865,0,50,40,https://api.tuforums.com/cdn/67511457-85ed-4750-8d5f-12c11cc0ab95
ancient_5405,906,875,1583,32,50,40,https://api.tuforums.com/cdn/8b426a2d-4dd4-44b2-98e9-b00ddd362ecc
ancient_5405,907,886,2844,0,50,40,https://api.tuforums.com/cdn/ac4d1ad4-e3f5-4a22-a5a4-73a50f603ee3
ancient_5405,909,914,1622,66,50,40,https://api.tuforums.com/cdn/675fc1f4-8354-48e1-83eb-ee7a2aa175c3
ancient_5405,910,875,1583,32,50,40,https://api.tuforums.com/cdn/8b426a2d-4dd4-44b2-98e9-b00ddd362ecc
ancient_5405,924,875,1583,32,50,40,https://api.tuforums.com/cdn/8b426a2d-4dd4-44b2-98e9-b00ddd362ecc
ancient_5405,930,601,3389,201,50,40,https://api.tuforums.com/cdn/b46a11c2-033e-4e97-b327-eedd0a1be067
ancient_5405,944,605,1983,0,50,40,https://api.tuforums.com/cdn/f937c866-17db-4506-a398-bd96aa4fd572
ancient_5405,954,598,1600,140,50,40,https://api.tuforums.com/cdn/6858d187-efc3-4aaf-8869-5c011c910914
ancient_5405,966,882,1498,133,50,40,https://api.tuforums.com/cdn/0d019191-4dc5-44e2-82d9-7900811fd3c2
ancient_5405,971,882,1498,133,50,40,https://api.tuforums.com/cdn/0d019191-4dc5-44e2-82d9-7900811fd3c2
ancient_5405,1009,644,949,75,50,40,https://api.tuforums.com/cdn/3ad947d7-f56a-478a-8423-d89fecea0700
ancient_5405,1010,653,1470,75,50,40,https://api.tuforums.com/cdn/e86ae5cc-050d-4be0-b697-182fb2bcfe59
ancient_5405,1011,661,1274,29,50,40,https://api.tuforums.com/cdn/3e1821d0-8644-44e2-9a3e-f5dee71f279f
ancient_5405,1012,644,949,75,50,40,https://api.tuforums.com/cdn/3ad947d7-f56a-478a-8423-d89fecea0700
ancient_5405,1013,645,1110,71,50,40,https://api.tuforums.com/cdn/d3250902-8232-4492-9e1f-e928b7cddb76
ancient_5405,1014,648,3106,0,50,40,https://api.tuforums.com/cdn/61f8a8b4-b42b-4e9d-8851-94731452a85a
ancient_5405,1015,645,1110,71,50,40,https://api.tuforums.com/cdn/d3250902-8232-4492-9e1f-e928b7cddb76
ancient_5405,1016,648,3106,0,50,40,https://api.tuforums.com/cdn/61f8a8b4-b42b-4e9d-8851-94731452a85a
ancient_5405,1017,645,1110,71,50,40,https://api.tuforums.com/cdn/d3250902-8232-4492-9e1f-e928b7cddb76
ancient_5405,1018,651,1281,28,50,40,https://api.tuforums.com/cdn/38014d59-bf24-4c63-8251-76c0cb262738
ancient_5405,1019,650,3292,120,50,40,https://api.tuforums.com/cdn/32a2604f-436d-4bcd-bf18-f3240af3c6ef
ancient_5405,1020,645,1110,71,50,40,https://api.tuforums.com/cdn/d3250902-8232-4492-9e1f-e928b7cddb76
ancient_5405,1021,651,1281,28,50,40,https://api.tuforums.com/cdn/38014d59-bf24-4c63-8251-76c0cb262738
ancient_5405,1022,661,1274,29,50,40,https://api.tuforums.com/cdn/3e1821d0-8644-44e2-9a3e-f5dee71f279f
ancient_5405,1024,653,1470,75,50,40,https://api.tuforums.com/cdn/e86ae5cc-050d-4be0-b697-182fb2bcfe59
ancient_5405,1025,653,1470,75,50,40,https://api.tuforums.com/cdn/e86ae5cc-050d-4be0-b697-182fb2bcfe59
ancient_5405,1026,653,1470,75,50,40,https://api.tuforums.com/cdn/e86ae5cc-050d-4be0-b697-182fb2bcfe59
ancient_5405,1027,647,2513,63,50,40,https://api.tuforums.com/cdn/c8949370-6e2f-43c3-94ff-19958859964a
ancient_5405,1028,644,949,75,50,40,https://api.tuforums.com/cdn/3ad947d7-f56a-478a-8423-d89fecea0700
ancient_5405,1029,644,949,75,50,40,https://api.tuforums.com/cdn/3ad947d7-f56a-478a-8423-d89fecea0700
ancient_5405,1030,651,1281,28,50,40,https://api.tuforums.com/cdn/38014d59-bf24-4c63-8251-76c0cb262738
ancient_5405,1031,644,949,75,50,40,https://api.tuforums.com/cdn/3ad947d7-f56a-478a-8423-d89fecea0700
ancient_5405,1032,650,3292,120,50,40,https://api.tuforums.com/cdn/32a2604f-436d-4bcd-bf18-f3240af3c6ef
ancient_5405,1033,656,2146,21,50,40,https://api.tuforums.com/cdn/81011f34-db3c-4d4e-8ca8-247b654dd131
ancient_5405,1034,645,1110,71,50,40,https://api.tuforums.com/cdn/d3250902-8232-4492-9e1f-e928b7cddb76
ancient_5405,1035,645,1110,71,50,40,https://api.tuforums.com/cdn/d3250902-8232-4492-9e1f-e928b7cddb76
ancient_5405,1036,645,1110,71,50,40,https://api.tuforums.com/cdn/d3250902-8232-4492-9e1f-e928b7cddb76
ancient_5405,1037,650,3292,120,50,40,https://api.tuforums.com/cdn/32a2604f-436d-4bcd-bf18-f3240af3c6ef
ancient_5405,1040,646,2668,231,50,40,https://api.tuforums.com/cdn/43e6f51a-5a98-4f3a-9db7-96544b7ed8e9
ancient_5405,1081,651,1281,28,50,40,https://api.tuforums.com/cdn/38014d59-bf24-4c63-8251-76c0cb262738
ancient_5405,1086,653,1470,75,50,40,https://api.tuforums.com/cdn/e86ae5cc-050d-4be0-b697-182fb2bcfe59
ancient_5405,1087,653,1470,75,50,40,https://api.tuforums.com/cdn/e86ae5cc-050d-4be0-b697-182fb2bcfe59
ancient_5405,1090,877,1819,80,50,40,https://api.tuforums.com/cdn/078bba3d-7391-42be-b697-19b83121aa7f
ancient_5405,1100,913,1238,75,50,40,https://api.tuforums.com/cdn/73069416-8186-4c6c-8f75-4fda834e8fd3
ancient_5405,1101,656,2146,21,50,40,https://api.tuforums.com/cdn/81011f34-db3c-4d4e-8ca8-247b654dd131
ancient_5405,1102,646,2668,231,50,40,https://api.tuforums.com/cdn/43e6f51a-5a98-4f3a-9db7-96544b7ed8e9
ancient_5405,1118,913,1238,75,50,40,https://api.tuforums.com/cdn/73069416-8186-4c6c-8f75-4fda834e8fd3
ancient_5405,1126,657,1045,34,50,40,https://api.tuforums.com/cdn/7fc22202-d526-4221-9865-c4ca58443c8d
ancient_5405,1127,913,1238,75,50,40,https://api.tuforums.com/cdn/73069416-8186-4c6c-8f75-4fda834e8fd3
ancient_5405,1128,646,2668,231,50,40,https://api.tuforums.com/cdn/43e6f51a-5a98-4f3a-9db7-96544b7ed8e9
ancient_5405,1129,654,2256,59,50,40,https://api.tuforums.com/cdn/d7e894e4-210d-4f39-9573-e019dfacc645
ancient_5405,1130,644,949,75,50,40,https://api.tuforums.com/cdn/3ad947d7-f56a-478a-8423-d89fecea0700
ancient_5405,1131,645,1110,71,50,40,https://api.tuforums.com/cdn/d3250902-8232-4492-9e1f-e928b7cddb76
ancient_5405,1132,645,1110,71,50,40,https://api.tuforums.com/cdn/d3250902-8232-4492-9e1f-e928b7cddb76
ancient_5405,1174,645,1110,71,50,40,https://api.tuforums.com/cdn/d3250902-8232-4492-9e1f-e928b7cddb76
ancient_5405,1177,12466,1389,17,50,40,https://api.tuforums.com/cdn/5c2424ea-6d05-4055-b7a0-e9d4ea38b08d
ancient_5405,1178,12466,1389,17,50,40,https://api.tuforums.com/cdn/5c2424ea-6d05-4055-b7a0-e9d4ea38b08d
ancient_5405,1179,687,2474,24,50,40,https://api.tuforums.com/cdn/e8b0cedb-d456-4d1f-9b4d-fa78baa3d281
ancient_5405,1180,694,1518,19,50,40,https://api.tuforums.com/cdn/64bf6269-729b-4ebb-9be9-32f0df21fc34
ancient_5405,1181,687,2474,24,50,40,https://api.tuforums.com/cdn/e8b0cedb-d456-4d1f-9b4d-fa78baa3d281
ancient_5405,1182,694,1518,19,50,40,https://api.tuforums.com/cdn/64bf6269-729b-4ebb-9be9-32f0df21fc34
ancient_5405,1183,689,1972,20,50,40,https://api.tuforums.com/cdn/0dc8eae7-8cd5-4a4a-9356-a6b76afbc476
ancient_5405,1184,688,1046,14,50,40,https://api.tuforums.com/cdn/2149db3d-e8ee-41ad-812b-be8c5495e194
ancient_5405,1185,689,1972,20,50,40,https://api.tuforums.com/cdn/0dc8eae7-8cd5-4a4a-9356-a6b76afbc476
ancient_5405,1186,689,1972,20,50,40,https://api.tuforums.com/cdn/0dc8eae7-8cd5-4a4a-9356-a6b76afbc476
ancient_5405,1187,695,1444,103,50,40,https://api.tuforums.com/cdn/138af944-784c-4d67-a452-0273d0b3fbde
ancient_5405,1192,694,1518,19,50,40,https://api.tuforums.com/cdn/64bf6269-729b-4ebb-9be9-32f0df21fc34
ancient_5405,1201,696,1908,9,50,40,https://api.tuforums.com/cdn/947fec4c-bfa7-4f50-84bf-9bff859e0df4
ancient_5405,1223,689,1972,20,50,40,https://api.tuforums.com/cdn/0dc8eae7-8cd5-4a4a-9356-a6b76afbc476
ancient_5405,1241,902,1241,16,50,40,https://api.tuforums.com/cdn/4286e034-fc89-49d9-88c3-232453d13dc7
no_download,1246,678,,,1253,1239,removed
ancient_5405,1255,694,1518,19,50,40,https://api.tuforums.com/cdn/64bf6269-729b-4ebb-9be9-32f0df21fc34
no_download,1265,678,,,1253,1207,removed
no_download,1287,685,,,3345,3252,https://drive.google.com/file/d/1gmAst2uvo4VyXS6aomtJOJeKj-J3gYxh/view?usp=sharing
ancient_5405,1322,1193,1735,91,50,40,https://api.tuforums.com/cdn/ad2d2b6d-8dc7-4644-90b8-6339d1228ebb
ancient_5405,1330,723,2062,0,50,40,https://api.tuforums.com/cdn/5b27a946-7d62-49aa-9d63-83756d74b9c5
ancient_5405,1345,723,2062,0,50,40,https://api.tuforums.com/cdn/5b27a946-7d62-49aa-9d63-83756d74b9c5
ancient_5405,1362,967,2524,66,50,40,https://api.tuforums.com/cdn/5fe5839b-6c54-48ca-9c32-2e73db662945
ancient_5405,1366,730,1689,17,50,40,https://api.tuforums.com/cdn/0a84955a-d36b-4025-94f3-49c5b3409017
ancient_5405,1367,722,915,15,50,40,https://api.tuforums.com/cdn/9c2de168-e6c3-49d0-b25b-dbe7c1cde670
ancient_5405,1373,967,2524,66,50,40,https://api.tuforums.com/cdn/5fe5839b-6c54-48ca-9c32-2e73db662945
ancient_5405,1388,884,1833,96,50,40,https://api.tuforums.com/cdn/07664d0d-660f-4569-aaba-0a5228371b48
ancient_5405,1392,912,950,32,50,40,https://api.tuforums.com/cdn/f5d8a198-a38e-4a90-9da9-b324853a727a
ancient_5405,1403,911,2314,88,50,40,https://api.tuforums.com/cdn/e3a95d8d-4de1-4705-8c9c-86729c81f6ec
ancient_5405,1405,884,1833,96,50,40,https://api.tuforums.com/cdn/07664d0d-660f-4569-aaba-0a5228371b48
ancient_5405,1406,884,1833,96,50,40,https://api.tuforums.com/cdn/07664d0d-660f-4569-aaba-0a5228371b48
ancient_5405,1424,686,3340,125,50,40,https://api.tuforums.com/cdn/f6b47988-ca8f-4a53-97f9-87eae480689a
ancient_5405,1452,689,1972,20,50,40,https://api.tuforums.com/cdn/0dc8eae7-8cd5-4a4a-9356-a6b76afbc476
ancient_5405,1477,732,1955,20,50,40,https://api.tuforums.com/cdn/4a982332-398d-4b54-927f-838970bfd5e2
ancient_5405,1480,992,1246,0,50,40,https://api.tuforums.com/cdn/55fc366c-54c2-4526-9432-5b7642ae13de
ancient_5405,1488,967,2524,66,50,40,https://api.tuforums.com/cdn/5fe5839b-6c54-48ca-9c32-2e73db662945
no_download,1535,1151,,,797,782,https://fixcdn.hyonsu.com/attachments/959772933331496960/971732302759608340/SUMMARY_SCRAMBLE.zip
ancient_5405,1576,1158,1424,38,50,40,https://api.tuforums.com/cdn/1a206c58-817c-4011-bb30-dc09ce3050f6
ancient_5405,1578,1174,1240,78,50,40,https://api.tuforums.com/cdn/b4a5c59b-9495-4025-9b82-71997bb9fcc2
ancient_5405,1603,1372,1207,21,50,40,https://api.tuforums.com/cdn/ca3a20c7-3af0-41fa-bb13-49bc05ce2eb0
ancient_5405,1615,988,1846,79,50,40,https://api.tuforums.com/cdn/a6e86fe5-b60a-4e9c-bd00-01828271970b
ancient_5405,1624,986,2328,29,50,40,https://api.tuforums.com/cdn/93fba037-e720-40c7-9f7d-e34378ec2b3d
ancient_5405,1625,988,1846,79,50,40,https://api.tuforums.com/cdn/a6e86fe5-b60a-4e9c-bd00-01828271970b
ancient_5405,1629,988,1846,79,50,40,https://api.tuforums.com/cdn/a6e86fe5-b60a-4e9c-bd00-01828271970b
inexact,1643,947,2066,4,2804,2804,https://api.tuforums.com/cdn/aa23f5a4-26e7-4f7b-9e30-eb315df2bddd
ancient_5405,1660,443,59,0,50,40,https://api.tuforums.com/cdn/582f0c21-b4e0-4aca-927d-85f4e462b5a5
ancient_5405,1662,290,3416,18,50,40,https://api.tuforums.com/cdn/9a981562-0caf-4429-9342-0840ef89908d
no_download,1670,725,,,3439,3360,
no_download,1787,167,,,4658,4528,https://fixcdn.hyonsu.com/attachments/1212666371687579688/1212666481964490812/Wheelbarrow.zip?ex=65f2aaab&is=65e035ab&hm=463cc637f17296e9a33c095320cf653cf96b2c3f118ec0bb92e82375587e7963&
no_download,1822,385,,,1275,1237,https://fixcdn.hyonsu.com/attachments/857154367106187267/1001669767259754496/Oyasmy_Fix.zip
no_download,1823,386,,,1899,1809,https://fixcdn.hyonsu.com/attachments/1212666371687579688/1212666819945701376/Schwank.zip?ex=65f2aafc&is=65e035fc&hm=58e2b1269a6fb9040ad47504e200314e0cf6173268d045a395e1d4ca8376b7bb&
no_download,1841,386,,,1899,1814,https://fixcdn.hyonsu.com/attachments/1212666371687579688/1212666819945701376/Schwank.zip?ex=65f2aafc&is=65e035fc&hm=58e2b1269a6fb9040ad47504e200314e0cf6173268d045a395e1d4ca8376b7bb&
no_download,1869,386,,,1899,1839,https://fixcdn.hyonsu.com/attachments/1212666371687579688/1212666819945701376/Schwank.zip?ex=65f2aafc&is=65e035fc&hm=58e2b1269a6fb9040ad47504e200314e0cf6173268d045a395e1d4ca8376b7bb&
no_download,1876,1024,,,1307,1276,https://fixcdn.hyonsu.com/attachments/857154367106187267/1079032801057325086/Oyasmy.zip
ancient_5405,1907,967,2524,66,50,40,https://api.tuforums.com/cdn/5fe5839b-6c54-48ca-9c32-2e73db662945
inexact,1963,512,3765,8,3774,3774,https://api.tuforums.com/cdn/6b4a488d-b9ab-4518-a1e3-e5c604ea2b89
ancient_5405,2025,1642,2016,102,50,40,https://api.tuforums.com/cdn/d299c45b-a147-42ac-aed5-5404ac7bde5d
ancient_5405,2029,1642,2016,102,50,40,https://api.tuforums.com/cdn/d299c45b-a147-42ac-aed5-5404ac7bde5d
ancient_5405,2031,1642,2016,102,50,40,https://api.tuforums.com/cdn/d299c45b-a147-42ac-aed5-5404ac7bde5d
ancient_5405,2033,1642,2016,102,50,40,https://api.tuforums.com/cdn/d299c45b-a147-42ac-aed5-5404ac7bde5d
ancient_5405,2034,1643,1890,5,50,40,https://api.tuforums.com/cdn/5e6b20d1-88fc-4b69-919c-cf106b4f5c99
ancient_5405,2035,1652,1857,31,50,40,https://api.tuforums.com/cdn/6128964c-8722-4b19-884a-f1e78255e6f5
ancient_5405,2037,1652,1857,31,50,40,https://api.tuforums.com/cdn/6128964c-8722-4b19-884a-f1e78255e6f5
ancient_5405,2038,1652,1857,31,50,40,https://api.tuforums.com/cdn/6128964c-8722-4b19-884a-f1e78255e6f5
ancient_5405,2039,1652,1857,31,50,40,https://api.tuforums.com/cdn/6128964c-8722-4b19-884a-f1e78255e6f5
ancient_5405,2040,1652,1857,31,50,40,https://api.tuforums.com/cdn/6128964c-8722-4b19-884a-f1e78255e6f5
ancient_5405,2045,1684,2720,5,50,40,https://api.tuforums.com/cdn/20f04337-c18c-43ba-b38d-4e2b15f4f5c4
ancient_5405,2053,1684,2720,5,50,40,https://api.tuforums.com/cdn/20f04337-c18c-43ba-b38d-4e2b15f4f5c4
ancient_5405,2059,1685,2254,115,50,40,https://api.tuforums.com/cdn/09019f2e-eb55-4833-8eb0-80c6cf808b6f
ancient_5405,2065,1686,1500,44,50,40,https://api.tuforums.com/cdn/683e9ef1-d932-4fab-80d1-6dddd999e2d5
ancient_5405,2080,1690,1382,62,50,40,https://api.tuforums.com/cdn/c6a2908c-fefe-4bc7-b939-200c7387dc75
ancient_5405,2081,1690,1382,62,50,40,https://api.tuforums.com/cdn/c6a2908c-fefe-4bc7-b939-200c7387dc75
ancient_5405,2082,1690,1382,62,50,40,https://api.tuforums.com/cdn/c6a2908c-fefe-4bc7-b939-200c7387dc75
ancient_5405,2083,1690,1382,62,50,40,https://api.tuforums.com/cdn/c6a2908c-fefe-4bc7-b939-200c7387dc75
ancient_5405,2084,1690,1382,62,50,40,https://api.tuforums.com/cdn/c6a2908c-fefe-4bc7-b939-200c7387dc75
ancient_5405,2110,139,4825,73,50,40,https://api.tuforums.com/cdn/c0636100-c839-4f7a-862b-a491f864090e
ancient_5405,2111,191,2920,55,50,40,https://api.tuforums.com/cdn/cb1d8e40-600a-4566-8191-e16409ff341e
ancient_5405,2136,1754,1276,37,50,40,https://api.tuforums.com/cdn/88c5b798-f3f2-48b0-bf21-6849ff85d128
ancient_5405,2139,1755,1491,76,50,40,https://api.tuforums.com/cdn/c8308744-39c7-46f2-a4c7-fe4733799e7d
ancient_5405,2140,1755,1491,76,50,40,https://api.tuforums.com/cdn/c8308744-39c7-46f2-a4c7-fe4733799e7d
ancient_5405,2141,1755,1491,76,50,40,https://api.tuforums.com/cdn/c8308744-39c7-46f2-a4c7-fe4733799e7d
ancient_5405,2143,1755,1491,76,50,40,https://api.tuforums.com/cdn/c8308744-39c7-46f2-a4c7-fe4733799e7d
ancient_5405,2145,1756,1241,8,50,40,https://api.tuforums.com/cdn/d32e4268-a81e-4b64-89ff-76eb49680714
ancient_5405,2146,1756,1241,8,50,40,https://api.tuforums.com/cdn/d32e4268-a81e-4b64-89ff-76eb49680714
ancient_5405,2148,1756,1241,8,50,40,https://api.tuforums.com/cdn/d32e4268-a81e-4b64-89ff-76eb49680714
ancient_5405,2151,1759,1036,1,50,40,https://api.tuforums.com/cdn/0e13be79-52e8-4676-82cf-341febf31012
ancient_5405,2152,1759,1036,1,50,40,https://api.tuforums.com/cdn/0e13be79-52e8-4676-82cf-341febf31012
ancient_5405,2153,1759,1036,1,50,40,https://api.tuforums.com/cdn/0e13be79-52e8-4676-82cf-341febf31012
ancient_5405,2154,1759,1036,1,50,40,https://api.tuforums.com/cdn/0e13be79-52e8-4676-82cf-341febf31012
ancient_5405,2157,1759,1036,1,50,40,https://api.tuforums.com/cdn/0e13be79-52e8-4676-82cf-341febf31012
ancient_5405,2158,1759,1036,1,50,40,https://api.tuforums.com/cdn/0e13be79-52e8-4676-82cf-341febf31012
ancient_5405,2175,1168,1082,32,50,40,https://api.tuforums.com/cdn/7394f615-70d9-48ae-85e6-8223f5a336fd
ancient_5405,2184,1725,2442,103,50,40,https://api.tuforums.com/cdn/7099d1ed-abab-4da0-81bd-ae5076b09411
ancient_5405,2186,1725,2442,103,50,40,https://api.tuforums.com/cdn/7099d1ed-abab-4da0-81bd-ae5076b09411
inexact,2207,1684,2720,5,2726,2726,https://api.tuforums.com/cdn/20f04337-c18c-43ba-b38d-4e2b15f4f5c4
ancient_5405,2227,1686,1500,44,50,40,https://api.tuforums.com/cdn/683e9ef1-d932-4fab-80d1-6dddd999e2d5
ancient_5405,2228,1652,1857,31,50,40,https://api.tuforums.com/cdn/6128964c-8722-4b19-884a-f1e78255e6f5
ancient_5405,2229,1656,2552,45,50,40,https://api.tuforums.com/cdn/aadd3a48-8df8-40b3-9325-a505b07436bd
ancient_5405,2231,1685,2254,115,50,40,https://api.tuforums.com/cdn/09019f2e-eb55-4833-8eb0-80c6cf808b6f
ancient_5405,2232,1685,2254,115,50,40,https://api.tuforums.com/cdn/09019f2e-eb55-4833-8eb0-80c6cf808b6f
inexact,2233,1684,2720,5,2726,2726,https://api.tuforums.com/cdn/20f04337-c18c-43ba-b38d-4e2b15f4f5c4
ancient_5405,2239,986,2328,29,50,40,https://api.tuforums.com/cdn/93fba037-e720-40c7-9f7d-e34378ec2b3d
ancient_5405,2240,986,2328,29,50,40,https://api.tuforums.com/cdn/93fba037-e720-40c7-9f7d-e34378ec2b3d
ancient_5405,2241,986,2328,29,50,40,https://api.tuforums.com/cdn/93fba037-e720-40c7-9f7d-e34378ec2b3d
ancient_5405,2242,986,2328,29,50,40,https://api.tuforums.com/cdn/93fba037-e720-40c7-9f7d-e34378ec2b3d
ancient_5405,2243,986,2328,29,50,40,https://api.tuforums.com/cdn/93fba037-e720-40c7-9f7d-e34378ec2b3d
ancient_5405,2244,986,2328,29,50,40,https://api.tuforums.com/cdn/93fba037-e720-40c7-9f7d-e34378ec2b3d
ancient_5405,2245,1168,1082,32,50,40,https://api.tuforums.com/cdn/7394f615-70d9-48ae-85e6-8223f5a336fd
ancient_5405,2247,1168,1082,32,50,40,https://api.tuforums.com/cdn/7394f615-70d9-48ae-85e6-8223f5a336fd
ancient_5405,2248,1168,1082,32,50,40,https://api.tuforums.com/cdn/7394f615-70d9-48ae-85e6-8223f5a336fd
ancient_5405,2250,1777,1114,2,50,40,https://api.tuforums.com/cdn/31e28133-5913-41a6-aca7-225bca67a213
ancient_5405,2251,1778,1639,8,50,40,https://api.tuforums.com/cdn/17784a37-3641-40a1-a718-24abf83577b6
ancient_5405,2253,1778,1639,8,50,40,https://api.tuforums.com/cdn/17784a37-3641-40a1-a718-24abf83577b6
ancient_5405,2254,1778,1639,8,50,40,https://api.tuforums.com/cdn/17784a37-3641-40a1-a718-24abf83577b6
ancient_5405,2255,1778,1639,8,50,40,https://api.tuforums.com/cdn/17784a37-3641-40a1-a718-24abf83577b6
ancient_5405,2256,1779,1228,207,50,40,https://api.tuforums.com/cdn/9a5d66df-37d6-4e56-add5-5903faed60f8
ancient_5405,2257,1780,2353,137,50,40,https://api.tuforums.com/cdn/9c95e42e-3a29-4ae9-990d-90df29ff2c27
no_download,2258,1781,,,3067,2977,https://drive.google.com/file/d/1OK8hotj0CvRaBPriyyGQ5-S-QD7il4jA/view?usp=sharing
ancient_5405,2259,1781,,,50,40,https://drive.google.com/file/d/1OK8hotj0CvRaBPriyyGQ5-S-QD7il4jA/view?usp=sharing
ancient_5405,2260,1782,3393,19,50,40,https://api.tuforums.com/cdn/6650db5f-06ef-47eb-8841-34508b02b0cf
ancient_5405,2262,1782,3393,19,50,40,https://api.tuforums.com/cdn/6650db5f-06ef-47eb-8841-34508b02b0cf
ancient_5405,2263,1783,1956,45,50,40,https://api.tuforums.com/cdn/278e527b-8c67-4b27-972c-9023b1db675a
ancient_5405,2264,1784,1933,26,50,40,https://api.tuforums.com/cdn/cfad8c3f-3f97-4327-bd0e-2eda6f07d0b9
ancient_5405,2268,1786,1413,52,50,40,https://api.tuforums.com/cdn/bc8c7dd0-6e0a-44cb-82f7-a1a65031b23c
ancient_5405,2271,1787,1595,17,50,40,https://api.tuforums.com/cdn/faac96ad-c313-4c9b-acdf-cc0829b54a31
ancient_5405,2273,1789,2611,30,50,40,https://api.tuforums.com/cdn/79747e2d-67de-4bb1-9a8c-86e2221dfa04
ancient_5405,2276,1790,1566,25,50,40,https://api.tuforums.com/cdn/e3d8bc12-5508-4ecd-a5ca-d8262ef084f1
ancient_5405,2278,1791,1246,45,50,40,https://api.tuforums.com/cdn/d68abdf7-e125-4d1f-8b1b-80317b482a3a
ancient_5405,2324,1816,1357,265,50,40,https://api.tuforums.com/cdn/051c93de-6d0f-4baa-9a7c-85af413ba875
ancient_5405,2325,1816,1357,265,50,40,https://api.tuforums.com/cdn/051c93de-6d0f-4baa-9a7c-85af413ba875
ancient_5405,2329,1827,1364,93,50,40,https://api.tuforums.com/cdn/e5448aea-aa6d-450c-ad15-de05865b86a2
ancient_5405,2354,1266,1379,57,50,40,https://api.tuforums.com/cdn/aa312d4d-76a1-45cf-b4c7-36e91d4f1b7a
inexact,2381,1850,1997,3,2062,2062,https://api.tuforums.com/cdn/27d397db-a0c2-4ac9-9fcd-821e1ba0eb7c
ancient_5405,2420,1753,1713,1,50,40,https://api.tuforums.com/cdn/ce06b1db-3d6a-4bb9-ab33-81edbda1388e
ancient_5405,2435,656,2146,21,50,40,https://api.tuforums.com/cdn/81011f34-db3c-4d4e-8ca8-247b654dd131
ancient_5405,2436,598,1600,140,50,40,https://api.tuforums.com/cdn/6858d187-efc3-4aaf-8869-5c011c910914
ancient_5405,2437,605,1983,0,50,40,https://api.tuforums.com/cdn/f937c866-17db-4506-a398-bd96aa4fd572
ancient_5405,2438,911,2314,88,50,40,https://api.tuforums.com/cdn/e3a95d8d-4de1-4705-8c9c-86729c81f6ec
ancient_5405,2439,559,1712,70,50,40,https://api.tuforums.com/cdn/62a6167b-9189-4a16-9b35-2a29b02db5b7
ancient_5405,2440,655,1128,0,50,40,https://api.tuforums.com/cdn/79c0c684-19ee-48e9-97d9-7c7318c873c3
ancient_5405,2441,688,1046,14,50,40,https://api.tuforums.com/cdn/2149db3d-e8ee-41ad-812b-be8c5495e194
ancient_5405,2442,518,1812,75,50,40,https://api.tuforums.com/cdn/a23f2fb2-0a94-4e00-8be9-4651ab91fa8f
ancient_5405,2443,458,2090,31,50,40,https://api.tuforums.com/cdn/65cc8196-5039-4c77-b024-ad41e775126e
ancient_5405,2444,458,2090,31,50,40,https://api.tuforums.com/cdn/65cc8196-5039-4c77-b024-ad41e775126e
ancient_5405,2445,565,2139,42,50,40,https://api.tuforums.com/cdn/0ca77c3c-fe8e-4ce8-a06b-5f34129d407d
ancient_5405,2476,1201,2253,11,50,40,https://api.tuforums.com/cdn/9af2df2b-3f6b-4a77-99e0-185d79dec9bc
ancient_5405,2491,1201,2253,11,50,40,https://api.tuforums.com/cdn/9af2df2b-3f6b-4a77-99e0-185d79dec9bc
ancient_5405,2492,1201,2253,11,50,40,https://api.tuforums.com/cdn/9af2df2b-3f6b-4a77-99e0-185d79dec9bc
ancient_5405,2500,1759,1036,1,50,40,https://api.tuforums.com/cdn/0e13be79-52e8-4676-82cf-341febf31012
ancient_5405,2501,988,1846,79,50,40,https://api.tuforums.com/cdn/a6e86fe5-b60a-4e9c-bd00-01828271970b
ancient_5405,2508,1816,1357,265,50,40,https://api.tuforums.com/cdn/051c93de-6d0f-4baa-9a7c-85af413ba875
ancient_5405,2509,1816,1357,265,50,40,https://api.tuforums.com/cdn/051c93de-6d0f-4baa-9a7c-85af413ba875
ancient_5405,2512,1816,1357,265,50,40,https://api.tuforums.com/cdn/051c93de-6d0f-4baa-9a7c-85af413ba875
ancient_5405,2529,874,3020,180,50,40,https://api.tuforums.com/cdn/71f24da0-0b67-44b3-8c75-808d928b3f02
ancient_5405,2546,1755,1491,76,50,40,https://api.tuforums.com/cdn/c8308744-39c7-46f2-a4c7-fe4733799e7d
ancient_5405,2547,1754,1276,37,50,40,https://api.tuforums.com/cdn/88c5b798-f3f2-48b0-bf21-6849ff85d128
ancient_5405,2548,1168,1082,32,50,40,https://api.tuforums.com/cdn/7394f615-70d9-48ae-85e6-8223f5a336fd
ancient_5405,2549,1174,1240,78,50,40,https://api.tuforums.com/cdn/b4a5c59b-9495-4025-9b82-71997bb9fcc2
ancient_5405,2550,644,949,75,50,40,https://api.tuforums.com/cdn/3ad947d7-f56a-478a-8423-d89fecea0700
ancient_5405,2551,584,1417,48,50,40,https://api.tuforums.com/cdn/d8d62dec-7a13-49d4-a6ea-c4650ef0c3c4
ancient_5405,2552,529,1772,109,50,40,https://api.tuforums.com/cdn/0755be0e-4359-4e64-9a8e-97ccb6606490
ancient_5405,2553,1685,2254,115,50,40,https://api.tuforums.com/cdn/09019f2e-eb55-4833-8eb0-80c6cf808b6f
ancient_5405,2574,1824,1300,9,50,40,https://api.tuforums.com/cdn/a7deecb3-2758-4a7c-aaf1-32cd121723a5
no_download,2586,1894,,,2302,2242,https://fixcdn.hyonsu.com/attachments/917410326872473636/1114115206822506537/XNOR_XNOR_XNOR_cut_2.zip
ancient_5405,2671,1652,1857,31,50,40,https://api.tuforums.com/cdn/6128964c-8722-4b19-884a-f1e78255e6f5
no_download,2930,51,,,2601,2550,https://fixcdn.hyonsu.com/attachments/1212666371687579688/1212666628999876648/BMS.zip?ex=65f2aace&is=65e035ce&hm=4ec4b905627e46bbf4d689be0e4a4d40f436716835e0f5f4dcc31bdaba9ea7b7&
no_download,2948,239,,,3752,3559,https://fixcdn.hyonsu.com/attachments/1212666371687579688/1212670164915593276/ExtratoneNerfed.zip?ex=65f2ae19&is=65e03919&hm=0415dcb1eb435a4e6b2e0abe080f4dfafe0e5ce64065de697f0de8cc6d27c8e7&
no_download,2968,136,,,4656,4564,https://fixcdn.hyonsu.com/attachments/1212666371687579688/1271675646619422853/SUPER_SEX_DELIVERY_2_-_ENTER_THE_CUM_ZONE.zip?ex=66b833bc&is=66b6e23c&hm=8b14c7ce981ef1a694fd1b9322fa83a57f4affc459b2e1773a3961b6cc4d07b1&
no_download,2993,239,,,3762,3552,https://fixcdn.hyonsu.com/attachments/1212666371687579688/1212670164915593276/ExtratoneNerfed.zip?ex=65f2ae19&is=65e03919&hm=0415dcb1eb435a4e6b2e0abe080f4dfafe0e5ce64065de697f0de8cc6d27c8e7&
no_download,3034,239,,,3762,3549,https://fixcdn.hyonsu.com/attachments/1212666371687579688/1212670164915593276/ExtratoneNerfed.zip?ex=65f2ae19&is=65e03919&hm=0415dcb1eb435a4e6b2e0abe080f4dfafe0e5ce64065de697f0de8cc6d27c8e7&
no_download,3089,239,,,3762,3621,https://fixcdn.hyonsu.com/attachments/1212666371687579688/1212670164915593276/ExtratoneNerfed.zip?ex=65f2ae19&is=65e03919&hm=0415dcb1eb435a4e6b2e0abe080f4dfafe0e5ce64065de697f0de8cc6d27c8e7&
no_download,3098,239,,,3762,3717,https://fixcdn.hyonsu.com/attachments/1212666371687579688/1212670164915593276/ExtratoneNerfed.zip?ex=65f2ae19&is=65e03919&hm=0415dcb1eb435a4e6b2e0abe080f4dfafe0e5ce64065de697f0de8cc6d27c8e7&
no_download,3189,239,,,3762,3690,https://fixcdn.hyonsu.com/attachments/1212666371687579688/1212670164915593276/ExtratoneNerfed.zip?ex=65f2ae19&is=65e03919&hm=0415dcb1eb435a4e6b2e0abe080f4dfafe0e5ce64065de697f0de8cc6d27c8e7&
no_download,3192,1071,,,3072,2958,
no_download,3214,1071,,,3072,2963,
no_download,3230,239,,,3762,3650,https://fixcdn.hyonsu.com/attachments/1212666371687579688/1212670164915593276/ExtratoneNerfed.zip?ex=65f2ae19&is=65e03919&hm=0415dcb1eb435a4e6b2e0abe080f4dfafe0e5ce64065de697f0de8cc6d27c8e7&
no_download,3244,1071,,,3072,2968,
no_download,3261,51,,,2601,2544,https://fixcdn.hyonsu.com/attachments/1212666371687579688/1212666628999876648/BMS.zip?ex=65f2aace&is=65e035ce&hm=4ec4b905627e46bbf4d689be0e4a4d40f436716835e0f5f4dcc31bdaba9ea7b7&
ancient_5405,3387,1687,1809,16,50,40,https://api.tuforums.com/cdn/00a53bb3-25de-4c21-8e89-1db490904b32
ancient_5405,3411,1827,1364,93,50,40,https://api.tuforums.com/cdn/e5448aea-aa6d-450c-ad15-de05865b86a2
no_download,3421,239,,,3762,3684,https://fixcdn.hyonsu.com/attachments/1212666371687579688/1212670164915593276/ExtratoneNerfed.zip?ex=65f2ae19&is=65e03919&hm=0415dcb1eb435a4e6b2e0abe080f4dfafe0e5ce64065de697f0de8cc6d27c8e7&
no_download,3436,167,,,4658,4634,https://fixcdn.hyonsu.com/attachments/1212666371687579688/1212666481964490812/Wheelbarrow.zip?ex=65f2aaab&is=65e035ab&hm=463cc637f17296e9a33c095320cf653cf96b2c3f118ec0bb92e82375587e7963&
no_download,3505,167,,,4658,4526,https://fixcdn.hyonsu.com/attachments/1212666371687579688/1212666481964490812/Wheelbarrow.zip?ex=65f2aaab&is=65e035ab&hm=463cc637f17296e9a33c095320cf653cf96b2c3f118ec0bb92e82375587e7963&
ancient_5405,3569,1685,2254,115,50,40,https://api.tuforums.com/cdn/09019f2e-eb55-4833-8eb0-80c6cf808b6f
ancient_5405,3570,727,1531,0,50,40,https://api.tuforums.com/cdn/b474824f-f6d9-4172-99c8-6a0493132214
ancient_5405,3571,967,2524,66,50,40,https://api.tuforums.com/cdn/5fe5839b-6c54-48ca-9c32-2e73db662945
ancient_5405,3572,871,1865,0,50,40,https://api.tuforums.com/cdn/67511457-85ed-4750-8d5f-12c11cc0ab95
ancient_5405,3573,1827,1364,93,50,40,https://api.tuforums.com/cdn/e5448aea-aa6d-450c-ad15-de05865b86a2
ancient_5405,3574,1684,2720,5,50,40,https://api.tuforums.com/cdn/20f04337-c18c-43ba-b38d-4e2b15f4f5c4
ancient_5405,3575,1684,2720,5,50,40,https://api.tuforums.com/cdn/20f04337-c18c-43ba-b38d-4e2b15f4f5c4
ancient_5405,3576,882,1498,133,50,40,https://api.tuforums.com/cdn/0d019191-4dc5-44e2-82d9-7900811fd3c2
ancient_5405,3577,986,2328,29,50,40,https://api.tuforums.com/cdn/93fba037-e720-40c7-9f7d-e34378ec2b3d
ancient_5405,3578,1783,1956,45,50,40,https://api.tuforums.com/cdn/278e527b-8c67-4b27-972c-9023b1db675a
ancient_5405,3579,1684,2720,5,50,40,https://api.tuforums.com/cdn/20f04337-c18c-43ba-b38d-4e2b15f4f5c4
ancient_5405,3580,1161,1745,21,50,40,https://api.tuforums.com/cdn/35d5a8e0-81ee-4385-8143-e201a05896b8
ancient_5405,3581,656,2146,21,50,40,https://api.tuforums.com/cdn/81011f34-db3c-4d4e-8ca8-247b654dd131
ancient_5405,3582,1800,2264,28,50,40,https://api.tuforums.com/cdn/2475d1d3-b0aa-4ff6-85e2-a0c076f24a4f
ancient_5405,3583,461,1533,18,50,40,https://api.tuforums.com/cdn/ed413a65-206d-4684-9358-9ef0ffc309b2
ancient_5405,3584,1659,2379,200,50,40,https://api.tuforums.com/cdn/5c56a29f-2357-49fa-a36b-3ca3e1e41fc8
ancient_5405,3585,1759,1036,1,50,40,https://api.tuforums.com/cdn/0e13be79-52e8-4676-82cf-341febf31012
inexact,3589,2009,4611,82,4963,4963,https://api.tuforums.com/cdn/c1cda12d-36c3-412c-8b11-7d504c65da51
no_download,3623,167,,,4658,4575,https://fixcdn.hyonsu.com/attachments/1212666371687579688/1212666481964490812/Wheelbarrow.zip?ex=65f2aaab&is=65e035ab&hm=463cc637f17296e9a33c095320cf653cf96b2c3f118ec0bb92e82375587e7963&
no_download,3646,167,,,4658,4481,https://fixcdn.hyonsu.com/attachments/1212666371687579688/1212666481964490812/Wheelbarrow.zip?ex=65f2aaab&is=65e035ab&hm=463cc637f17296e9a33c095320cf653cf96b2c3f118ec0bb92e82375587e7963&
ancient_5405,3706,1643,1890,5,50,40,https://api.tuforums.com/cdn/5e6b20d1-88fc-4b69-919c-cf106b4f5c99
ancient_5405,3707,1643,1890,5,50,40,https://api.tuforums.com/cdn/5e6b20d1-88fc-4b69-919c-cf106b4f5c99
ancient_5405,3725,1685,2254,115,50,40,https://api.tuforums.com/cdn/09019f2e-eb55-4833-8eb0-80c6cf808b6f
no_download,3839,2230,,,6009,5891,
no_download,3858,2230,,,6009,5683,
no_download,3915,2292,,,3588,3556,removed
no_download,3926,2292,,,3588,3516,removed
inexact,3931,2009,4611,82,4963,4963,https://api.tuforums.com/cdn/c1cda12d-36c3-412c-8b11-7d504c65da51
no_download,3971,167,,,4658,4572,https://fixcdn.hyonsu.com/attachments/1212666371687579688/1212666481964490812/Wheelbarrow.zip?ex=65f2aaab&is=65e035ab&hm=463cc637f17296e9a33c095320cf653cf96b2c3f118ec0bb92e82375587e7963&
inexact,3990,2009,4611,82,727,727,https://api.tuforums.com/cdn/c1cda12d-36c3-412c-8b11-7d504c65da51
inexact,3991,2177,5827,39,1,1,https://api.tuforums.com/cdn/c1d99937-f4e3-4fb8-96b5-16960d9dc18a
inexact,4069,2009,4611,82,2115,2115,https://api.tuforums.com/cdn/c1cda12d-36c3-412c-8b11-7d504c65da51
no_download,4140,2230,,,6009,5597,
no_download,4170,2230,,,6009,5767,
inexact,4179,65,3305,28,5582,5582,https://api.tuforums.com/cdn/31b67789-bfd3-4d19-9c8f-7c2ccdb55b09
no_download,4206,239,,,3762,3664,https://fixcdn.hyonsu.com/attachments/1212666371687579688/1212670164915593276/ExtratoneNerfed.zip?ex=65f2ae19&is=65e03919&hm=0415dcb1eb435a4e6b2e0abe080f4dfafe0e5ce64065de697f0de8cc6d27c8e7&
no_download,4213,239,,,3762,3674,https://fixcdn.hyonsu.com/attachments/1212666371687579688/1212670164915593276/ExtratoneNerfed.zip?ex=65f2ae19&is=65e03919&hm=0415dcb1eb435a4e6b2e0abe080f4dfafe0e5ce64065de697f0de8cc6d27c8e7&
no_download,4229,167,,,4658,4554,https://fixcdn.hyonsu.com/attachments/1212666371687579688/1212666481964490812/Wheelbarrow.zip?ex=65f2aaab&is=65e035ab&hm=463cc637f17296e9a33c095320cf653cf96b2c3f118ec0bb92e82375587e7963&
inexact,4237,512,3765,8,3774,3774,https://api.tuforums.com/cdn/6b4a488d-b9ab-4518-a1e3-e5c604ea2b89
no_download,4294,239,,,3762,3721,https://fixcdn.hyonsu.com/attachments/1212666371687579688/1212670164915593276/ExtratoneNerfed.zip?ex=65f2ae19&is=65e03919&hm=0415dcb1eb435a4e6b2e0abe080f4dfafe0e5ce64065de697f0de8cc6d27c8e7&
no_download,4295,1071,,,3072,2963,
no_download,4316,2230,,,6009,5813,
no_download,4354,1071,,,3072,3022,
no_download,4370,2230,,,6009,5735,
no_download,4371,2230,,,6009,5793,
no_download,4386,239,,,3762,3601,https://fixcdn.hyonsu.com/attachments/1212666371687579688/1212670164915593276/ExtratoneNerfed.zip?ex=65f2ae19&is=65e03919&hm=0415dcb1eb435a4e6b2e0abe080f4dfafe0e5ce64065de697f0de8cc6d27c8e7&
no_download,4470,2230,,,6009,5881,
no_download,4504,239,,,3762,3669,https://fixcdn.hyonsu.com/attachments/1212666371687579688/1212670164915593276/ExtratoneNerfed.zip?ex=65f2ae19&is=65e03919&hm=0415dcb1eb435a4e6b2e0abe080f4dfafe0e5ce64065de697f0de8cc6d27c8e7&
no_download,4528,2230,,,6009,5818,
ancient_5405,4534,2578,1029,1,50,40,https://api.tuforums.com/cdn/5ee90367-9a12-484f-bc83-ca7aeea8a5da
no_download,4550,386,,,1899,1859,https://fixcdn.hyonsu.com/attachments/1212666371687579688/1212666819945701376/Schwank.zip?ex=65f2aafc&is=65e035fc&hm=58e2b1269a6fb9040ad47504e200314e0cf6173268d045a395e1d4ca8376b7bb&
ancient_5405,4565,1641,1516,15,50,40,https://api.tuforums.com/cdn/73ca6577-5ac0-463a-8dff-dd373f254eca
no_download,4618,2230,,,6009,5699,
ancient_5405,4633,2591,675,0,50,40,https://api.tuforums.com/cdn/d75ca28f-df99-485a-b7e6-f4371c2c3e70
ancient_5405,4634,1753,1713,1,50,40,https://api.tuforums.com/cdn/ce06b1db-3d6a-4bb9-ab33-81edbda1388e
ancient_5405,4640,2591,675,0,50,40,https://api.tuforums.com/cdn/d75ca28f-df99-485a-b7e6-f4371c2c3e70
ancient_5405,4641,2591,675,0,50,40,https://api.tuforums.com/cdn/d75ca28f-df99-485a-b7e6-f4371c2c3e70
ancient_5405,4644,2591,675,0,50,40,https://api.tuforums.com/cdn/d75ca28f-df99-485a-b7e6-f4371c2c3e70
ancient_5405,4645,2591,675,0,50,40,https://api.tuforums.com/cdn/d75ca28f-df99-485a-b7e6-f4371c2c3e70
ancient_5405,4647,2591,675,0,50,40,https://api.tuforums.com/cdn/d75ca28f-df99-485a-b7e6-f4371c2c3e70
ancient_5405,4648,2591,675,0,50,40,https://api.tuforums.com/cdn/d75ca28f-df99-485a-b7e6-f4371c2c3e70
ancient_5405,4650,1799,978,7,50,40,https://api.tuforums.com/cdn/b0243f87-0f62-41ee-bc53-8214e04a9754
ancient_5405,4652,1753,1713,1,50,40,https://api.tuforums.com/cdn/ce06b1db-3d6a-4bb9-ab33-81edbda1388e
no_download,4672,2230,,,6009,5955,
ancient_5405,4699,1657,1998,2,50,40,https://api.tuforums.com/cdn/147134d5-b36a-4aec-8f41-0aab5759ddb9
ancient_5405,4709,1804,1342,23,50,40,https://api.tuforums.com/cdn/221e55ba-72a6-4025-9416-75b65b22bd96
ancient_5405,4714,1174,1240,78,50,40,https://api.tuforums.com/cdn/b4a5c59b-9495-4025-9b82-71997bb9fcc2
ancient_5405,4715,1642,2016,102,50,40,https://api.tuforums.com/cdn/d299c45b-a147-42ac-aed5-5404ac7bde5d
ancient_5405,4728,1827,1364,93,50,40,https://api.tuforums.com/cdn/e5448aea-aa6d-450c-ad15-de05865b86a2
ancient_5405,4729,992,1246,0,50,40,https://api.tuforums.com/cdn/55fc366c-54c2-4526-9432-5b7642ae13de
ancient_5405,4730,986,2328,29,50,40,https://api.tuforums.com/cdn/93fba037-e720-40c7-9f7d-e34378ec2b3d
ancient_5405,4731,1684,2720,5,50,40,https://api.tuforums.com/cdn/20f04337-c18c-43ba-b38d-4e2b15f4f5c4
ancient_5405,4732,12466,1389,17,50,40,https://api.tuforums.com/cdn/5c2424ea-6d05-4055-b7a0-e9d4ea38b08d
ancient_5405,4733,1759,1036,1,50,40,https://api.tuforums.com/cdn/0e13be79-52e8-4676-82cf-341febf31012
ancient_5405,4734,1659,2379,200,50,40,https://api.tuforums.com/cdn/5c56a29f-2357-49fa-a36b-3ca3e1e41fc8
no_download,4810,2674,,,1369,1325,https://qiwi.gg/file/p6eh1381-xoex 
ancient_5405,4868,1823,2299,13,50,40,https://api.tuforums.com/cdn/4a2081c4-8c54-476c-af97-4bea57ef4f44
ancient_5405,4870,1703,2470,210,50,40,https://api.tuforums.com/cdn/8e0e6ef1-2d86-48db-82b6-d590ef300746
ancient_5405,4872,1703,2470,210,50,40,https://api.tuforums.com/cdn/8e0e6ef1-2d86-48db-82b6-d590ef300746
no_download,5040,2230,,,6009,5896,
no_download,5053,2751,,,4843,4718,https://fixcdn.hyonsu.com/attachments/1212666371687579688/1212678424364187718/SECRET_BOSS.zip?ex=65f2b5ca&is=65e040ca&hm=dcb49e8355a9167b399eee348c312190c0aa26349c7b875b5c4ce8572f158473&
ancient_5405,5109,1789,2611,30,50,40,https://api.tuforums.com/cdn/79747e2d-67de-4bb1-9a8c-86e2221dfa04
no_download,5167,239,,,3762,3536,https://fixcdn.hyonsu.com/attachments/1212666371687579688/1212670164915593276/ExtratoneNerfed.zip?ex=65f2ae19&is=65e03919&hm=0415dcb1eb435a4e6b2e0abe080f4dfafe0e5ce64065de697f0de8cc6d27c8e7&
no_download,5299,239,,,3762,3575,https://fixcdn.hyonsu.com/attachments/1212666371687579688/1212670164915593276/ExtratoneNerfed.zip?ex=65f2ae19&is=65e03919&hm=0415dcb1eb435a4e6b2e0abe080f4dfafe0e5ce64065de697f0de8cc6d27c8e7&
no_download,5304,2230,,,6009,5944,
ancient_5405,5327,1754,1276,37,50,40,https://api.tuforums.com/cdn/88c5b798-f3f2-48b0-bf21-6849ff85d128
no_download,5390,239,,,3762,3684,https://fixcdn.hyonsu.com/attachments/1212666371687579688/1212670164915593276/ExtratoneNerfed.zip?ex=65f2ae19&is=65e03919&hm=0415dcb1eb435a4e6b2e0abe080f4dfafe0e5ce64065de697f0de8cc6d27c8e7&
no_download,5395,239,,,3762,3588,https://fixcdn.hyonsu.com/attachments/1212666371687579688/1212670164915593276/ExtratoneNerfed.zip?ex=65f2ae19&is=65e03919&hm=0415dcb1eb435a4e6b2e0abe080f4dfafe0e5ce64065de697f0de8cc6d27c8e7&
no_download,5400,2751,,,4843,4781,https://fixcdn.hyonsu.com/attachments/1212666371687579688/1212678424364187718/SECRET_BOSS.zip?ex=65f2b5ca&is=65e040ca&hm=dcb49e8355a9167b399eee348c312190c0aa26349c7b875b5c4ce8572f158473&
ancient_5405,5496,1826,1080,97,50,40,https://api.tuforums.com/cdn/e18c324e-199e-401f-a8e4-bcf4f5deba31
ancient_5405,5497,1826,1080,97,50,40,https://api.tuforums.com/cdn/e18c324e-199e-401f-a8e4-bcf4f5deba31
ancient_5405,5597,3155,1724,20,50,40,https://api.tuforums.com/cdn/cb5fc0db-81ed-4993-a8b5-d23791943b72
ancient_5405,5598,3155,1724,20,50,40,https://api.tuforums.com/cdn/cb5fc0db-81ed-4993-a8b5-d23791943b72
ancient_5405,5599,3155,1724,20,50,40,https://api.tuforums.com/cdn/cb5fc0db-81ed-4993-a8b5-d23791943b72
ancient_5405,5600,3155,1724,20,50,40,https://api.tuforums.com/cdn/cb5fc0db-81ed-4993-a8b5-d23791943b72
ancient_5405,5601,3155,1724,20,50,40,https://api.tuforums.com/cdn/cb5fc0db-81ed-4993-a8b5-d23791943b72
ancient_5405,5602,3155,1724,20,50,40,https://api.tuforums.com/cdn/cb5fc0db-81ed-4993-a8b5-d23791943b72
ancient_5405,5620,3082,1907,4,50,40,https://api.tuforums.com/cdn/2f963999-e203-40e7-9c90-efee1583a52d
ancient_5405,5621,3082,1907,4,50,40,https://api.tuforums.com/cdn/2f963999-e203-40e7-9c90-efee1583a52d
ancient_5405,5622,3119,2031,106,50,40,https://api.tuforums.com/cdn/ee513863-e236-41e8-8f83-0366a8a2f2fe
ancient_5405,5623,3119,2031,106,50,40,https://api.tuforums.com/cdn/ee513863-e236-41e8-8f83-0366a8a2f2fe
ancient_5405,5624,3082,1907,4,50,40,https://api.tuforums.com/cdn/2f963999-e203-40e7-9c90-efee1583a52d
ancient_5405,5625,3082,1907,4,50,40,https://api.tuforums.com/cdn/2f963999-e203-40e7-9c90-efee1583a52d
ancient_5405,5626,3119,2031,106,50,40,https://api.tuforums.com/cdn/ee513863-e236-41e8-8f83-0366a8a2f2fe
ancient_5405,5627,3082,1907,4,50,40,https://api.tuforums.com/cdn/2f963999-e203-40e7-9c90-efee1583a52d
ancient_5405,5628,3082,1907,4,50,40,https://api.tuforums.com/cdn/2f963999-e203-40e7-9c90-efee1583a52d
ancient_5405,5629,3082,1907,4,50,40,https://api.tuforums.com/cdn/2f963999-e203-40e7-9c90-efee1583a52d
ancient_5405,5630,3082,1907,4,50,40,https://api.tuforums.com/cdn/2f963999-e203-40e7-9c90-efee1583a52d
ancient_5405,5631,3082,1907,4,50,40,https://api.tuforums.com/cdn/2f963999-e203-40e7-9c90-efee1583a52d
ancient_5405,5632,3082,1907,4,50,40,https://api.tuforums.com/cdn/2f963999-e203-40e7-9c90-efee1583a52d
ancient_5405,5633,3082,1907,4,50,40,https://api.tuforums.com/cdn/2f963999-e203-40e7-9c90-efee1583a52d
ancient_5405,5634,3082,1907,4,50,40,https://api.tuforums.com/cdn/2f963999-e203-40e7-9c90-efee1583a52d
ancient_5405,5635,3082,1907,4,50,40,https://api.tuforums.com/cdn/2f963999-e203-40e7-9c90-efee1583a52d
ancient_5405,5636,3119,2031,106,50,40,https://api.tuforums.com/cdn/ee513863-e236-41e8-8f83-0366a8a2f2fe
ancient_5405,5637,3119,2031,106,50,40,https://api.tuforums.com/cdn/ee513863-e236-41e8-8f83-0366a8a2f2fe
ancient_5405,5638,3082,1907,4,50,40,https://api.tuforums.com/cdn/2f963999-e203-40e7-9c90-efee1583a52d
ancient_5405,5639,3082,1907,4,50,40,https://api.tuforums.com/cdn/2f963999-e203-40e7-9c90-efee1583a52d
ancient_5405,5640,3082,1907,4,50,40,https://api.tuforums.com/cdn/2f963999-e203-40e7-9c90-efee1583a52d
ancient_5405,5641,3082,1907,4,50,40,https://api.tuforums.com/cdn/2f963999-e203-40e7-9c90-efee1583a52d
ancient_5405,5642,3119,2031,106,50,40,https://api.tuforums.com/cdn/ee513863-e236-41e8-8f83-0366a8a2f2fe
ancient_5405,5643,3119,2031,106,50,40,https://api.tuforums.com/cdn/ee513863-e236-41e8-8f83-0366a8a2f2fe
ancient_5405,5644,3082,1907,4,50,40,https://api.tuforums.com/cdn/2f963999-e203-40e7-9c90-efee1583a52d
ancient_5405,5645,3082,1907,4,50,40,https://api.tuforums.com/cdn/2f963999-e203-40e7-9c90-efee1583a52d
ancient_5405,5646,3082,1907,4,50,40,https://api.tuforums.com/cdn/2f963999-e203-40e7-9c90-efee1583a52d
ancient_5405,5706,3082,1907,4,50,40,https://api.tuforums.com/cdn/2f963999-e203-40e7-9c90-efee1583a52d
inexact,5723,3136,645,36,629,629,https://api.tuforums.com/cdn/885d4e71-3c61-4f6d-9ad9-89a362b87771
no_download,5855,3075,,,1354,1345,https://drive.google.com/file/d/1rgDyAcx7Rax49znjZOGwYXfAki3Yxk29/view
no_download,5942,239,,,3762,3695,https://fixcdn.hyonsu.com/attachments/1212666371687579688/1212670164915593276/ExtratoneNerfed.zip?ex=65f2ae19&is=65e03919&hm=0415dcb1eb435a4e6b2e0abe080f4dfafe0e5ce64065de697f0de8cc6d27c8e7&
no_download,5994,239,,,3762,3584,https://fixcdn.hyonsu.com/attachments/1212666371687579688/1212670164915593276/ExtratoneNerfed.zip?ex=65f2ae19&is=65e03919&hm=0415dcb1eb435a4e6b2e0abe080f4dfafe0e5ce64065de697f0de8cc6d27c8e7&
no_download,6037,239,,,3762,3464,https://fixcdn.hyonsu.com/attachments/1212666371687579688/1212670164915593276/ExtratoneNerfed.zip?ex=65f2ae19&is=65e03919&hm=0415dcb1eb435a4e6b2e0abe080f4dfafe0e5ce64065de697f0de8cc6d27c8e7&
no_download,6102,239,,,3762,3624,https://fixcdn.hyonsu.com/attachments/1212666371687579688/1212670164915593276/ExtratoneNerfed.zip?ex=65f2ae19&is=65e03919&hm=0415dcb1eb435a4e6b2e0abe080f4dfafe0e5ce64065de697f0de8cc6d27c8e7&
inexact,6151,2009,4611,82,1,1,https://api.tuforums.com/cdn/c1cda12d-36c3-412c-8b11-7d504c65da51
no_download,6189,1071,,,3072,2938,
no_download,6214,167,,,4658,4433,https://fixcdn.hyonsu.com/attachments/1212666371687579688/1212666481964490812/Wheelbarrow.zip?ex=65f2aaab&is=65e035ab&hm=463cc637f17296e9a33c095320cf653cf96b2c3f118ec0bb92e82375587e7963&
no_download,6297,2626,,,2980,2938,https://drive.google.com/file/d/1tzfRGIfPm0oFJHES26Huq7cU_T3Nm_7J/view
no_download,6300,2205,,,2193,2185,
no_download,6316,1071,,,3072,2951,
no_download,6322,685,,,3345,3278,https://drive.google.com/file/d/1gmAst2uvo4VyXS6aomtJOJeKj-J3gYxh/view?usp=sharing
inexact,6468,3147,1796,46,1848,1848,https://api.tuforums.com/cdn/a37beff8-abe6-4927-9596-9f209bdfbed4
inexact,6555,1655,4765,21,4785,4785,https://api.tuforums.com/cdn/d4d3c539-7062-4dac-9014-9830fe9f3d4c
no_download,6562,239,,,3762,3610,https://fixcdn.hyonsu.com/attachments/1212666371687579688/1212670164915593276/ExtratoneNerfed.zip?ex=65f2ae19&is=65e03919&hm=0415dcb1eb435a4e6b2e0abe080f4dfafe0e5ce64065de697f0de8cc6d27c8e7&
no_download,6563,136,,,4656,4611,https://fixcdn.hyonsu.com/attachments/1212666371687579688/1271675646619422853/SUPER_SEX_DELIVERY_2_-_ENTER_THE_CUM_ZONE.zip?ex=66b833bc&is=66b6e23c&hm=8b14c7ce981ef1a694fd1b9322fa83a57f4affc459b2e1773a3961b6cc4d07b1&
no_download,6599,239,,,3752,3652,https://fixcdn.hyonsu.com/attachments/1212666371687579688/1212670164915593276/ExtratoneNerfed.zip?ex=65f2ae19&is=65e03919&hm=0415dcb1eb435a4e6b2e0abe080f4dfafe0e5ce64065de697f0de8cc6d27c8e7&
inexact,6720,1280,2670,49,4751,4751,https://api.tuforums.com/cdn/6f0f2b12-28c6-456c-be9d-a62f12d0a622
no_download,6772,239,,,3762,3684,https://fixcdn.hyonsu.com/attachments/1212666371687579688/1212670164915593276/ExtratoneNerfed.zip?ex=65f2ae19&is=65e03919&hm=0415dcb1eb435a4e6b2e0abe080f4dfafe0e5ce64065de697f0de8cc6d27c8e7&
inexact,6798,6499,1035,18,1057,1057,https://api.tuforums.com/cdn/8849f2f7-a624-40ee-845b-b97707667914
no_download,6863,136,,,4656,4607,https://fixcdn.hyonsu.com/attachments/1212666371687579688/1271675646619422853/SUPER_SEX_DELIVERY_2_-_ENTER_THE_CUM_ZONE.zip?ex=66b833bc&is=66b6e23c&hm=8b14c7ce981ef1a694fd1b9322fa83a57f4affc459b2e1773a3961b6cc4d07b1&
no_download,6973,678,,,1253,1190,removed
no_download,6987,678,,,1253,1126,removed
no_download,6988,385,,,1275,1191,https://fixcdn.hyonsu.com/attachments/857154367106187267/1001669767259754496/Oyasmy_Fix.zip
ancient_5405,7001,3148,900,0,50,40,https://api.tuforums.com/cdn/bf0b2c05-059f-4681-9a3f-e0166c6254f2
no_download,7004,385,,,1275,1228,https://fixcdn.hyonsu.com/attachments/857154367106187267/1001669767259754496/Oyasmy_Fix.zip
no_download,7019,386,,,1899,1833,https://fixcdn.hyonsu.com/attachments/1212666371687579688/1212666819945701376/Schwank.zip?ex=65f2aafc&is=65e035fc&hm=58e2b1269a6fb9040ad47504e200314e0cf6173268d045a395e1d4ca8376b7bb&
no_download,7027,386,,,1899,1833,https://fixcdn.hyonsu.com/attachments/1212666371687579688/1212666819945701376/Schwank.zip?ex=65f2aafc&is=65e035fc&hm=58e2b1269a6fb9040ad47504e200314e0cf6173268d045a395e1d4ca8376b7bb&
no_download,7235,2199,,,2359,2254,https://drive.google.com/drive/u/0/mobile/folders/190QTWtJ3Tbr0mVJ6RWSZp7BUoCjEKAs_?usp=sharing
inexact,7364,3580,624,8,328,328,https://api.tuforums.com/cdn/9c05f56b-aa0f-4a3f-b180-3eb85f3d7d85
no_download,7379,1024,,,1308,1245,https://fixcdn.hyonsu.com/attachments/857154367106187267/1079032801057325086/Oyasmy.zip
no_download,7415,385,,,1275,1197,https://fixcdn.hyonsu.com/attachments/857154367106187267/1001669767259754496/Oyasmy_Fix.zip
no_download,7419,239,,,3762,3669,https://fixcdn.hyonsu.com/attachments/1212666371687579688/1212670164915593276/ExtratoneNerfed.zip?ex=65f2ae19&is=65e03919&hm=0415dcb1eb435a4e6b2e0abe080f4dfafe0e5ce64065de697f0de8cc6d27c8e7&
no_download,7503,167,,,4648,4564,https://fixcdn.hyonsu.com/attachments/1212666371687579688/1212666481964490812/Wheelbarrow.zip?ex=65f2aaab&is=65e035ab&hm=463cc637f17296e9a33c095320cf653cf96b2c3f118ec0bb92e82375587e7963&
no_download,7598,167,,,4658,4547,https://fixcdn.hyonsu.com/attachments/1212666371687579688/1212666481964490812/Wheelbarrow.zip?ex=65f2aaab&is=65e035ab&hm=463cc637f17296e9a33c095320cf653cf96b2c3f118ec0bb92e82375587e7963&
no_download,7647,2401,,,1583,1576,https://drive.google.com/drive/folders/154m522a_wHHUOxAzBYeiOz635ezEPOEX?usp=sharing
no_download,7660,3001,172,,172,172,
no_download,7661,2998,167,,167,167,
no_download,7662,2999,145,,145,145,
no_download,7664,3000,160,,160,160,
no_download,7665,3002,165,,165,165,
no_download,7666,3004,196,,196,196,
no_download,7667,3019,424,,424,424,
no_download,7670,3014,236,,236,236,
no_download,7688,2998,167,,167,167,
no_download,7689,2999,145,,145,145,
no_download,7690,3000,160,,160,160,
no_download,7691,3001,172,,172,172,
no_download,7692,3002,165,,165,165,
no_download,7693,3003,359,,359,359,
no_download,7694,3004,196,,196,196,
no_download,7695,3005,318,,318,318,
no_download,7696,3006,319,,319,319,
no_download,7697,3007,283,,283,283,
no_download,7698,3008,433,,433,433,
no_download,7699,3009,326,,326,326,
no_download,7700,3010,259,,259,259,
no_download,7701,3014,236,,236,236,
no_download,7702,3015,269,,269,269,
no_download,7703,3016,431,,431,431,
no_download,7704,3019,424,,424,424,
no_download,7705,3017,415,,415,415,
no_download,7706,3023,296,,296,296,
no_download,7707,3018,454,,454,454,
no_download,7708,3020,404,,404,404,
no_download,7709,3021,428,,428,428,
no_download,7710,3024,223,,223,223,
no_download,7711,3025,382,,382,382,
no_download,7713,3027,600,,600,600,
no_download,7717,3032,680,,671,671,
no_download,7719,4084,,,4356,4291,https://drive.google.com/drive/folders/1_w_K4A-ogu_9qyJmDwK_fi56eDecUhI-
no_download,7737,3005,318,,318,318,
no_download,7757,3011,815,,815,815,
no_download,7822,239,,,3762,3686,https://fixcdn.hyonsu.com/attachments/1212666371687579688/1212670164915593276/ExtratoneNerfed.zip?ex=65f2ae19&is=65e03919&hm=0415dcb1eb435a4e6b2e0abe080f4dfafe0e5ce64065de697f0de8cc6d27c8e7&
no_download,7826,239,,,3762,3689,https://fixcdn.hyonsu.com/attachments/1212666371687579688/1212670164915593276/ExtratoneNerfed.zip?ex=65f2ae19&is=65e03919&hm=0415dcb1eb435a4e6b2e0abe080f4dfafe0e5ce64065de697f0de8cc6d27c8e7&
no_download,7879,3026,868,,844,844,
no_download,7880,3028,408,,408,408,
no_download,7991,2998,167,,167,167,
no_download,7992,2999,145,,145,145,
no_download,7993,3001,172,,172,172,
no_download,8002,2998,167,,167,167,
no_download,8003,2999,145,,145,145,
no_download,8004,3001,172,,172,172,
no_download,8005,3000,160,,160,160,
no_download,8011,2998,167,,167,167,
no_download,8012,2999,145,,145,145,
no_download,8014,3001,172,,172,172,
no_download,8024,3024,223,,223,223,
no_download,8025,3025,382,,382,382,
no_download,8026,3026,868,,868,868,
no_download,8027,3027,600,,600,600,
no_download,8028,3028,408,,408,408,
no_download,8029,3029,436,,436,436,
no_download,8030,3030,1091,,1093,1093,
no_download,8031,3031,673,,673,673,
no_download,8032,3032,680,,645,645,
no_download,8034,239,,,3762,3698,https://fixcdn.hyonsu.com/attachments/1212666371687579688/1212670164915593276/ExtratoneNerfed.zip?ex=65f2ae19&is=65e03919&hm=0415dcb1eb435a4e6b2e0abe080f4dfafe0e5ce64065de697f0de8cc6d27c8e7&
no_download,8070,3002,165,,165,165,
no_download,8107,3891,,,1205,1202,https://fixcdn.hyonsu.com/attachments/857154367106187267/1205897909997142037/BIG_LOVE.zip?ex=65da0af2&is=65c795f2&hm=662b255fdd2cde5b48d6fb3c0915d6e632447acedd267e276e9e862ad5008868&
no_download,8208,239,,,3762,3581,https://fixcdn.hyonsu.com/attachments/1212666371687579688/1212670164915593276/ExtratoneNerfed.zip?ex=65f2ae19&is=65e03919&hm=0415dcb1eb435a4e6b2e0abe080f4dfafe0e5ce64065de697f0de8cc6d27c8e7&
no_download,8260,239,,,3762,3624,https://fixcdn.hyonsu.com/attachments/1212666371687579688/1212670164915593276/ExtratoneNerfed.zip?ex=65f2ae19&is=65e03919&hm=0415dcb1eb435a4e6b2e0abe080f4dfafe0e5ce64065de697f0de8cc6d27c8e7&
no_download,8272,3893,,,1472,1468,https://fixcdn.hyonsu.com/attachments/1212666371687579688/1219991143777832960/PELEXGAME_2R_Multiverse.zip?ex=660d504b&is=65fadb4b&hm=1678db5a689d2847f347847cdf7f37d3cd8615b3cc5afdf92ad2bfa4ad9ce243&
no_download,8282,3023,296,,296,296,
no_download,8312,4406,612,,612,612,https://fixcdn.hyonsu.com/attachments/874456808847192127/876395875650396170/Elysions_Old_Mans.zip
inexact,8361,4290,425,7,281,281,https://api.tuforums.com/cdn/3469fe39-ada1-4b0f-8790-85784f5f7042
no_download,8489,2998,167,,167,167,
no_download,8490,2999,145,,145,145,
no_download,8491,3001,172,,172,172,
no_download,8504,3000,160,,160,160,
no_download,8505,3002,165,,165,165,
no_download,8506,3004,196,,196,196,
no_download,8552,3024,223,,223,223,
no_download,8759,3027,600,,600,600,
no_download,8773,3183,,,3430,3401,https://drive.google.com/file/d/1YXADOIkbWdavpHsNnvcIe3quvHdb5yi2/view?usp=sharing
inexact,8813,4286,478,1,281,281,https://api.tuforums.com/cdn/d478f23f-3be7-45ce-8229-5237e94b46b0
inexact,8815,4291,407,2,322,322,https://api.tuforums.com/cdn/3e113290-1a7a-4dc2-a271-12e10c643dd0
no_download,8828,4577,,,4088,3988,https://cdn.discordapp.com/attachments/1117992189792886977/1233294279745601588/IDPLMA_Part_2.zip?ex=662c924d&is=662b40cd&hm=4979217a84696ab7410e695a6b2a63f8669c3ad9e6b71f128f976bb02d1ac397&
inexact,8841,4165,674,8,993,993,https://api.tuforums.com/cdn/b526361d-dd03-4a3b-a228-3e456f097914
no_download,8855,4752,,,2028,1971,https://drive.google.com/file/d/1dprpvpfvz2rezj9OZrHq4jIJ6p1zxBVF/view
no_download,8886,2998,167,,167,167,
no_download,8892,2999,145,,145,145,
inexact,8926,65,3305,28,5582,5582,https://api.tuforums.com/cdn/31b67789-bfd3-4d19-9c8f-7c2ccdb55b09
inexact,9071,2009,4611,82,1,1,https://api.tuforums.com/cdn/c1cda12d-36c3-412c-8b11-7d504c65da51
no_download,9099,167,,,4658,4591,https://fixcdn.hyonsu.com/attachments/1212666371687579688/1212666481964490812/Wheelbarrow.zip?ex=65f2aaab&is=65e035ab&hm=463cc637f17296e9a33c095320cf653cf96b2c3f118ec0bb92e82375587e7963&
no_download,9172,1383,,,4386,4297,https://fixcdn.hyonsu.com/attachments/1212666371687579688/1212669754645418004/ExtratoneTest.zip?ex=65f2adb7&is=65e038b7&hm=3f3f40d68be18abf3fdf11b452837e3e451747428319cd8463d97b102d867077&
no_download,9224,1383,,,4386,4232,https://fixcdn.hyonsu.com/attachments/1212666371687579688/1212669754645418004/ExtratoneTest.zip?ex=65f2adb7&is=65e038b7&hm=3f3f40d68be18abf3fdf11b452837e3e451747428319cd8463d97b102d867077&
no_download,9232,3002,165,,165,165,
inexact,9261,4290,425,7,281,281,https://api.tuforums.com/cdn/3469fe39-ada1-4b0f-8790-85784f5f7042
no_download,9302,2998,167,,167,167,
no_download,9316,2999,145,,145,145,
inexact,9320,4924,264,2,396,396,https://api.tuforums.com/cdn/1fd47663-19af-4a7a-ba5a-02ca58126bf5
no_download,9340,1383,,,4386,4173,https://fixcdn.hyonsu.com/attachments/1212666371687579688/1212669754645418004/ExtratoneTest.zip?ex=65f2adb7&is=65e038b7&hm=3f3f40d68be18abf3fdf11b452837e3e451747428319cd8463d97b102d867077&
no_download,9409,4506,,,1197,1164,
no_download,9830,239,,,3762,3613,https://fixcdn.hyonsu.com/attachments/1212666371687579688/1212670164915593276/ExtratoneNerfed.zip?ex=65f2ae19&is=65e03919&hm=0415dcb1eb435a4e6b2e0abe080f4dfafe0e5ce64065de697f0de8cc6d27c8e7&
inexact,9850,19,2635,14,2648,2648,https://api.tuforums.com/cdn/81a2a5b5-ad66-40da-8dcb-3320518c35ac
no_download,10012,239,,,3762,3657,https://fixcdn.hyonsu.com/attachments/1212666371687579688/1212670164915593276/ExtratoneNerfed.zip?ex=65f2ae19&is=65e03919&hm=0415dcb1eb435a4e6b2e0abe080f4dfafe0e5ce64065de697f0de8cc6d27c8e7&
no_download,10116,5392,,,1114,1109,
no_download,10233,5378,,,2277,2262,https://fixcdn.hyonsu.com/attachments/1236612576000082000/1256819738915373086/OCULiSM.zip?ex=66822818&is=6680d698&hm=d9355f4115a91dce38a63103a28e1a1ca48e7024aae8d8201e3a8f670293deb3&
no_download,10234,5378,,,2277,2265,https://fixcdn.hyonsu.com/attachments/1236612576000082000/1256819738915373086/OCULiSM.zip?ex=66822818&is=6680d698&hm=d9355f4115a91dce38a63103a28e1a1ca48e7024aae8d8201e3a8f670293deb3&
inexact,10397,2009,4611,82,114514,114514,https://api.tuforums.com/cdn/c1cda12d-36c3-412c-8b11-7d504c65da51
inexact,10835,1707,3322,34,3352,3352,https://api.tuforums.com/cdn/ad69c492-c37b-42a8-8fc8-a05605e96191
no_download,10856,239,,,3762,3753,https://fixcdn.hyonsu.com/attachments/1212666371687579688/1212670164915593276/ExtratoneNerfed.zip?ex=65f2ae19&is=65e03919&hm=0415dcb1eb435a4e6b2e0abe080f4dfafe0e5ce64065de697f0de8cc6d27c8e7&
no_download,10907,3004,196,,196,196,
no_download,10923,3006,319,,319,319,
no_download,10925,5951,340,17,340,340,
no_download,10969,386,,,1899,1859,https://fixcdn.hyonsu.com/attachments/1212666371687579688/1212666819945701376/Schwank.zip?ex=65f2aafc&is=65e035fc&hm=58e2b1269a6fb9040ad47504e200314e0cf6173268d045a395e1d4ca8376b7bb&
no_download,11015,5951,340,17,340,340,
no_download,11031,2230,,,6009,5930,
no_download,11065,5182,,,661,648,https://cdn.discordapp.com/attachments/1152608444197654568/1248623344220110909/CALL_ME.zip?ex=6664569b&is=6663051b&hm=bf4b437e7421cfb5ad8f8ac1dabaa023ba55bf945c3fe27fd32fb0ecf861a229&
no_download,11101,5952,557,,557,557,
no_download,11176,3015,269,,269,269,
no_download,11204,5952,557,,557,557,
inexact,11245,65,3305,28,5582,5582,https://api.tuforums.com/cdn/31b67789-bfd3-4d19-9c8f-7c2ccdb55b09
no_download,11288,5952,557,,557,557,
inexact,11307,1280,2670,49,4751,4751,https://api.tuforums.com/cdn/6f0f2b12-28c6-456c-be9d-a62f12d0a622
inexact,11322,4937,576,62,0,0,https://api.tuforums.com/cdn/73ad61cf-5378-4ab9-bfc7-3d73be833bed
inexact,11323,4937,576,62,0,0,https://api.tuforums.com/cdn/73ad61cf-5378-4ab9-bfc7-3d73be833bed
inexact,11326,5475,977,34,0,0,https://api.tuforums.com/cdn/cd6426ac-17e1-4650-bdbd-8db5bd7d0ae0
inexact,11330,4762,2338,51,2390,2390,https://api.tuforums.com/cdn/8f2e3bfb-019f-4f7c-b30b-11030b4ed634
no_download,11393,239,,,3762,3679,https://fixcdn.hyonsu.com/attachments/1212666371687579688/1212670164915593276/ExtratoneNerfed.zip?ex=65f2ae19&is=65e03919&hm=0415dcb1eb435a4e6b2e0abe080f4dfafe0e5ce64065de697f0de8cc6d27c8e7&
inexact,11417,6058,391,137,519,519,https://api.tuforums.com/cdn/a3581606-96c6-4908-b3fc-4c89565d2c78
inexact,11564,6518,245,9,125,125,https://api.tuforums.com/cdn/b792d92c-ac2e-4c82-9043-79ab55f3a11a
inexact,11601,564,2425,22,2450,2450,https://api.tuforums.com/cdn/709e6b87-5b7b-441b-982f-2e15a50ba18c
no_download,11690,5951,340,17,340,340,
inexact,11731,512,3765,8,3774,3774,https://api.tuforums.com/cdn/6b4a488d-b9ab-4518-a1e3-e5c604ea2b89
no_download,11776,6285,,,627,606,
no_download,11814,6364,,,645,632,
no_download,11847,6364,,,645,639,
inexact,11981,1280,2670,49,4751,4751,https://api.tuforums.com/cdn/6f0f2b12-28c6-456c-be9d-a62f12d0a622
no_download,12045,4875,,,1995,1973,https://cdn.discordapp.com/attachments/651459712612827137/1237734658360475658/leporteurdombre.zip?ex=663cb9ba&is=663b683a&hm=719a79809a2faa26c8b0eae3bc6ea0af24fa6c3ab29f2dab9042f6b81bbf1cc8&
no_download,12140,5951,340,17,340,340,
no_download,12211,3013,1324,,1324,1324,
inexact,12242,2984,2141,1,1937,1937,https://api.tuforums.com/cdn/3b780245-b314-4be2-a1ef-9cfca82c18e3
no_download,12276,2998,167,,167,167,
inexact,12410,1280,2670,49,4751,4751,https://api.tuforums.com/cdn/6f0f2b12-28c6-456c-be9d-a62f12d0a622
inexact,12455,6881,359,3,353,353,https://api.tuforums.com/cdn/9ed93669-3c5b-4223-8b9b-6220e955fed3
no_download,12467,3019,424,,424,424,
inexact,12500,1280,2670,49,4751,4751,https://api.tuforums.com/cdn/6f0f2b12-28c6-456c-be9d-a62f12d0a622
no_download,12514,3002,165,,1,1,
inexact,12522,6919,358,16,373,373,https://api.tuforums.com/cdn/1ceeca2d-7745-417d-b2dd-13f7cee14838
no_download,12571,2230,,,6009,5715,
no_download,12573,3022,679,,679,679,
no_download,12669,3009,326,,1,1,
inexact,12688,6062,680,227,858,858,https://api.tuforums.com/cdn/17c1dc9d-3655-44b1-9a20-5e9c5ec1aedc
no_download,12699,2966,,,968,941,
no_download,12796,3005,318,,1,1,
no_download,12798,3014,236,,1,1,
no_download,12800,3015,269,,1,1,
no_download,12869,678,,,1253,1201,removed
no_download,12950,3014,236,,1,1,
no_download,12953,3031,673,,673,673,
no_download,13101,3007,283,,1,1,
no_download,13116,239,,,3762,3694,https://fixcdn.hyonsu.com/attachments/1212666371687579688/1212670164915593276/ExtratoneNerfed.zip?ex=65f2ae19&is=65e03919&hm=0415dcb1eb435a4e6b2e0abe080f4dfafe0e5ce64065de697f0de8cc6d27c8e7&
no_download,13212,3016,431,,1,1,
inexact,13222,4165,674,8,993,993,https://api.tuforums.com/cdn/b526361d-dd03-4a3b-a228-3e456f097914
no_download,13253,239,,,3762,3688,https://fixcdn.hyonsu.com/attachments/1212666371687579688/1212670164915593276/ExtratoneNerfed.zip?ex=65f2ae19&is=65e03919&hm=0415dcb1eb435a4e6b2e0abe080f4dfafe0e5ce64065de697f0de8cc6d27c8e7&
inexact,13266,6881,359,3,353,353,https://api.tuforums.com/cdn/9ed93669-3c5b-4223-8b9b-6220e955fed3
no_download,13321,3019,424,,424,424,
inexact,13329,4286,478,1,281,281,https://api.tuforums.com/cdn/d478f23f-3be7-45ce-8229-5237e94b46b0
inexact,13333,4290,425,7,281,281,https://api.tuforums.com/cdn/3469fe39-ada1-4b0f-8790-85784f5f7042
inexact,13430,4165,674,8,993,993,https://api.tuforums.com/cdn/b526361d-dd03-4a3b-a228-3e456f097914
no_download,13606,3014,236,,236,236,
no_download,13777,7243,,,530,469,
inexact,13942,2177,5827,39,1,1,https://api.tuforums.com/cdn/c1d99937-f4e3-4fb8-96b5-16960d9dc18a
no_download,13945,7312,,,526,509,
no_download,14087,3889,,,1837,1818,https://fixcdn.hyonsu.com/attachments/1212666371687579688/1212672087181762560/seatrus_-_UnDeciphered_CryptoGraph_In_The_Edifice_2023_Ver.zip?ex=65f2afe3&is=65e03ae3&hm=de9f73ef810a89ff96ce2390e6db3e6873d699e01b031281c7f9130fc5671b27&
no_download,14097,3009,326,,1,1,
inexact,14151,1280,2670,49,4751,4751,https://api.tuforums.com/cdn/6f0f2b12-28c6-456c-be9d-a62f12d0a622
no_download,14189,385,,,1275,1235,https://fixcdn.hyonsu.com/attachments/857154367106187267/1001669767259754496/Oyasmy_Fix.zip
no_download,14294,1383,,,4386,4197,https://fixcdn.hyonsu.com/attachments/1212666371687579688/1212669754645418004/ExtratoneTest.zip?ex=65f2adb7&is=65e038b7&hm=3f3f40d68be18abf3fdf11b452837e3e451747428319cd8463d97b102d867077&
no_download,14416,3001,172,,172,172,
no_download,14462,7300,,,4254,4199,https://drive.google.com/file/d/1chTv5fqX70iwdegVObGDSru6WPK0iy_V/view?usp=sharing
no_download,14531,2998,167,,167,167,
no_download,14532,2999,145,,145,145,
no_download,14533,3001,172,,172,172,
no_download,14572,2998,167,,167,167,
no_download,14579,5951,340,17,340,340,
no_download,14583,3006,319,,319,319,
no_download,14611,3002,165,,165,165,
no_download,14694,3024,223,,223,223,
no_download,14781,3023,296,,296,296,
no_download,14782,2998,167,,167,167,
no_download,14783,2999,145,,145,145,
no_download,14784,3000,160,,160,160,
no_download,14785,3001,172,,172,172,
no_download,14786,3002,165,,165,165,
no_download,14787,3003,359,,359,359,
no_download,14788,3004,196,,196,196,
no_download,14790,3024,223,,223,223,
no_download,14791,3025,382,,382,382,
no_download,14868,1383,,,4386,4197,https://fixcdn.hyonsu.com/attachments/1212666371687579688/1212669754645418004/ExtratoneTest.zip?ex=65f2adb7&is=65e038b7&hm=3f3f40d68be18abf3fdf11b452837e3e451747428319cd8463d97b102d867077&
inexact,15164,1221,4921,15,4935,4935,https://api.tuforums.com/cdn/867790fd-cfba-404e-ad42-7f953129d27e
inexact,15207,5922,3100,30,3139,3139,https://api.tuforums.com/cdn/5a9602e1-eb35-4203-ac74-5002f44b9db0
no_download,15223,7312,,,526,513,
inexact,15350,4325,387,3,382,382,https://api.tuforums.com/cdn/50f82cb4-85fe-4f82-90ab-0f3cc646373b
no_download,15417,3013,1324,,1324,1324,
inexact,15446,7004,1035,327,1358,1358,https://api.tuforums.com/cdn/de58a499-0414-4c5c-82ac-64ce6dea4389
inexact,15456,512,3765,8,3774,3774,https://api.tuforums.com/cdn/6b4a488d-b9ab-4518-a1e3-e5c604ea2b89
no_download,15473,3009,326,,326,326,
no_download,15474,3008,433,,433,433,
no_download,15475,3007,283,,283,283,
no_download,15476,3006,319,,319,319,
no_download,15477,3005,318,,318,318,
no_download,15478,3004,196,,196,196,
no_download,15479,3003,359,,359,359,
no_download,15480,3002,165,,165,165,
no_download,15481,3001,172,,172,172,
no_download,15482,3000,160,,160,160,
no_download,15483,2999,145,,145,145,
no_download,15484,2998,167,,167,167,
no_download,15647,4759,,,1627,1627,https://drive.google.com/file/d/1NbCN4XjFIKU0gKsE_E6VV6sYcYD04Yz9/view?usp=drive_link
inexact,15685,512,3765,8,3774,3774,https://api.tuforums.com/cdn/6b4a488d-b9ab-4518-a1e3-e5c604ea2b89
no_download,15696,5951,340,17,340,340,
inexact,15707,700,2009,3,2013,2013,https://api.tuforums.com/cdn/5502984b-7d7f-42c9-96b9-c24e53b90d6b
no_download,15810,6461,,,1129,1122,https://drive.google.com/file/d/1jjldkJnKp4Wczrlkh0Y4nAV_2N023Puj/view?usp=sharing
inexact,16049,7856,966,60,1022,1022,https://api.tuforums.com/cdn/6b2d8f2c-a1d4-440c-bb9f-d89746394546
no_download,16246,4506,,,1197,1171,
no_download,16337,1628,,,2254,2206,https://drive.google.com/file/d/1FAhUdol-gagrUe85gPk4eVBhQrYdFnOb/view?usp=share_link
no_download,16425,4506,,,1197,1185,
no_download,16457,4906,,,4246,4211,https://drive.google.com/file/d/1w1Xf2lXB8Dtmq0lXizZ9oiEEdH4LciCM/view?usp=sharing
ancient_5405,16725,7965,549,9,50,40,https://api.tuforums.com/cdn/6a8b578a-88f1-495b-9f36-820796007ece
no_download,16754,3014,236,,236,236,
inexact,16888,2377,2603,2,2606,2606,https://api.tuforums.com/cdn/1a388827-1afd-434d-85bb-74b9b2267082
no_download,16922,2961,,,2892,2750,
inexact,17026,6515,451,6,456,456,https://api.tuforums.com/cdn/d901afb8-34ab-4cdc-a9ca-43569c1f3079
inexact,17134,1280,2670,49,4751,4751,https://api.tuforums.com/cdn/6f0f2b12-28c6-456c-be9d-a62f12d0a622
inexact,17310,1280,2670,49,4751,4751,https://api.tuforums.com/cdn/6f0f2b12-28c6-456c-be9d-a62f12d0a622
inexact,17315,4165,674,8,993,993,https://api.tuforums.com/cdn/b526361d-dd03-4a3b-a228-3e456f097914
inexact,17328,1280,2670,49,4751,4751,https://api.tuforums.com/cdn/6f0f2b12-28c6-456c-be9d-a62f12d0a622
no_download,17387,6367,,,2679,2632,https://fixcdn.hyonsu.com/attachments/1212666371687579688/1285875477113864244/Crash-Landing_Rendezvous.zip
no_download,17423,3017,415,,415,415,
no_download,17424,3000,160,,160,160,
no_download,17425,3003,359,,359,359,
no_download,17426,2999,145,,145,145,
no_download,17427,2998,167,,167,167,
no_download,17478,7994,,,1912,1863,https://drive.google.com/file/d/1j3NCFbEbQyjq7dzu9nqoQY9yBTBzQvQy/view
no_download,17544,3001,172,,172,172,
no_download,17583,5400,,,665,654,
no_download,17588,7378,,,776,766,
no_download,17612,3015,269,,269,269,
no_download,17801,3002,165,,165,165,
no_download,17807,6963,,,621,613,https://drive.google.com/file/d/15V-Fke4gJjewKPIlskyn0Lquw9052o8O
inexact,17920,2652,2882,120,3000,3000,https://api.tuforums.com/cdn/b53c9472-94c6-44df-8f1e-9213e51597ed
no_download,17932,6367,,,2679,2616,https://fixcdn.hyonsu.com/attachments/1212666371687579688/1285875477113864244/Crash-Landing_Rendezvous.zip
no_download,18142,2999,145,,145,145,
no_download,18162,8381,,,1668,1614,https://www.123912.com/s/F9WBjv-ouQPh
no_download,18209,8381,,,1666,1627,https://www.123912.com/s/F9WBjv-ouQPh
no_download,18366,3002,165,,165,165,
no_download,18367,3001,172,,172,172,
no_download,18368,3000,160,,160,160,
no_download,18369,2999,145,,145,145,
no_download,18370,2998,167,,167,167,
no_download,18388,3001,172,,172,172,
no_download,18451,8215,,,1883,1883,https://ns.memsyslizi.cn/HeHeHe.zip
no_download,18461,3002,165,,165,165,
no_download,18466,3001,172,,172,172,
no_download,18467,3000,160,,160,160,
no_download,18541,7994,,,1912,1861,https://drive.google.com/file/d/1j3NCFbEbQyjq7dzu9nqoQY9yBTBzQvQy/view
no_download,18721,3000,160,,160,160,
no_download,18760,3669,,,2794,2736,https://drive.google.com/file/d/1xP38wMUQY4gkSkYSVfkHtJYlZ1O7HJFe/view?usp=sharing
inexact,18835,3632,3337,37,3373,3373,https://api.tuforums.com/cdn/a9cf5977-5be1-4caa-a688-f954f6fad69f
no_download,18886,8583,,,180,180,https://www.123684.com/s/v4Y0jv-s64pd
no_download,18899,3003,359,,359,359,
no_download,18900,3002,165,,165,165,
no_download,18901,3001,172,,172,172,
no_download,18902,3000,160,,160,160,
no_download,18903,2999,145,,145,145,
inexact,19008,7099,1245,37,1280,1280,https://api.tuforums.com/cdn/1c1c21af-531f-4458-acde-4a22eacbe566
no_download,19012,2998,167,,167,167,
ancient_5405,19078,8650,,,50,40,X
ancient_5405,19086,8638,729,1,50,40,https://api.tuforums.com/cdn/2a2845d1-6266-452a-895d-8c7970dc8dbe
ancient_5405,19094,8637,,,50,40,X
no_download,19271,3001,172,,172,172,
no_download,19273,2999,145,,145,145,
no_download,19446,3030,1091,,1091,1091,
inexact,19488,1935,1791,3,1868,1868,https://api.tuforums.com/cdn/6a26dde5-671a-44df-9540-4beb5524d1e7
inexact,19573,65,3305,28,5582,5582,https://api.tuforums.com/cdn/31b67789-bfd3-4d19-9c8f-7c2ccdb55b09
inexact,19692,93,2787,14,2800,2800,https://api.tuforums.com/cdn/144a5b8e-bcbc-4fd7-8dd7-0a7dcd8a7b9f
no_download,19716,725,,,3439,3390,
ancient_5405,19752,3124,1554,195,50,40,https://api.tuforums.com/cdn/80e5e080-6983-4752-8bbc-f8e648d27aa5
no_download,19865,6364,,,635,614,
no_download,19868,6285,,,627,607,
no_download,19932,5400,,,665,622,
no_download,19933,5392,,,1114,1080,
inexact,19948,5940,440,144,582,582,https://api.tuforums.com/cdn/189d05e5-6eeb-4838-9cae-e2f7e1f5296f
no_download,20024,8313,,,1298,1288,https://drive.google.com/drive/folders/1l23uLbN1CpTx8ah4uhrqxGd8aruV6Klv?usp=drive_link
no_download,20051,7312,,,526,521,
no_download,20224,8534,,,622,601,https://drive.google.com/file/d/1jB7i5EaJCEB5QF1T6fEdBw-wQhRrRPCk/view?usp=drive_link
no_download,20230,8583,,,180,180,https://www.123684.com/s/v4Y0jv-s64pd
no_download,20288,3012,487,,487,487,
no_download,20371,3029,436,,436,436,
no_download,20510,2998,167,,167,167,
inexact,20575,7099,1245,37,1280,1280,https://api.tuforums.com/cdn/1c1c21af-531f-4458-acde-4a22eacbe566
no_download,20644,2999,145,,145,145,
no_download,20645,2998,167,,167,167,
inexact,20683,8832,678,1,2983,2983,https://api.tuforums.com/cdn/7f51a8dd-953e-4d63-938f-1c42d9168f9e
no_download,20703,3000,160,,160,160,
no_download,20712,3002,165,,165,165,
no_download,20713,3001,172,,172,172,
ancient_5405,20761,8908,604,19,50,40,https://api.tuforums.com/cdn/fd934734-6e3b-4279-8e5e-95e8e3301984
ancient_5405,20762,8899,538,14,50,40,https://api.tuforums.com/cdn/a2a1458e-ec1d-40a2-a462-d8c14ee85742
ancient_5405,20766,8893,1616,6,50,40,https://api.tuforums.com/cdn/920a84d6-44b3-46d2-94a1-212dc30158c6
ancient_5405,20768,8892,1378,23,50,40,https://api.tuforums.com/cdn/f1770e4b-6488-4558-9045-a33999b7a285
ancient_5405,20769,8891,153,15,50,40,https://api.tuforums.com/cdn/42546d9f-5eb7-4a27-a2b4-cfbe2406e7ab
ancient_5405,20799,8911,679,2,50,40,https://api.tuforums.com/cdn/fd310b2f-2f8c-4705-a47e-4323369b0260
ancient_5405,20801,8906,1770,0,50,40,https://api.tuforums.com/cdn/9419887c-45df-4e7c-9ca7-2174b2c9636c
ancient_5405,20864,8916,1255,0,50,40,https://api.tuforums.com/cdn/10eccaab-704e-4074-bed8-ad595eb3de00
ancient_5405,20865,8912,2007,0,50,40,https://api.tuforums.com/cdn/0ae30185-bacc-43d1-9366-54708d316842
no_download,20867,3030,1091,,1091,1091,
no_download,20868,3011,815,,815,815,
no_download,20875,3005,318,,318,318,
no_download,20877,3004,196,,196,196,
no_download,20878,3003,359,,359,359,
no_download,20879,3002,165,,165,165,
no_download,20880,3001,172,,172,172,
no_download,20881,3000,160,,160,160,
no_download,20882,2999,145,,145,145,
no_download,20883,2998,167,,167,167,
ancient_5405,20890,8912,2007,0,50,40,https://api.tuforums.com/cdn/0ae30185-bacc-43d1-9366-54708d316842
no_download,20913,5400,,,665,649,
inexact,20917,7315,16,2,11,11,https://api.tuforums.com/cdn/f44f2f60-2558-46d5-89af-269dfa2487b7
no_download,20921,8895,,,653,653,
ancient_5405,20923,8910,694,7,50,40,https://api.tuforums.com/cdn/9b4aa956-5dcb-4a6b-bea5-bd409aba1921
ancient_5405,20958,8915,654,0,50,40,https://api.tuforums.com/cdn/1fb0d440-f19f-4f46-8215-b3c8aa73ac95
no_download,20988,3008,433,,433,433,
no_download,20990,2998,167,,167,167,
inexact,21017,7525,2159,16,1923,1923,https://api.tuforums.com/cdn/34563dc2-cc6e-4d43-96b0-64bbe550b0fe
no_download,21107,5951,340,17,340,340,
no_download,21148,3023,296,,296,296,
no_download,21151,3009,326,,326,326,
inexact,21293,1280,2670,49,4751,4751,https://api.tuforums.com/cdn/6f0f2b12-28c6-456c-be9d-a62f12d0a622
no_download,21330,8934,,,550,550,https://fixcdn.hyonsu.com/attachments/828884863813550121/841464724759380018/Turn_the_Lights_Off_Mine.zip
no_download,21384,6417,,,1255,1194,https://drive.google.com/file/d/1LSY2KIdSrxt4vsbOxAki0JRZwrg87gAp/view?usp=sharing
inexact,21394,6881,359,3,353,353,https://api.tuforums.com/cdn/9ed93669-3c5b-4223-8b9b-6220e955fed3
no_download,21409,3019,424,,424,424,
no_download,21414,3004,196,,196,196,
no_download,21415,3002,165,,165,165,
no_download,21416,3000,160,,160,160,
no_download,21538,2998,167,,167,167,
no_download,21539,2999,145,,145,145,
no_download,21540,3001,172,,172,172,
no_download,21582,3009,326,,326,326,
no_download,21630,3009,326,,326,326,
no_download,21662,4759,,,1627,1615,https://drive.google.com/file/d/1NbCN4XjFIKU0gKsE_E6VV6sYcYD04Yz9/view?usp=drive_link
no_download,21685,3013,1324,,1324,1324,
no_download,21792,3010,259,,259,259,
no_download,21793,3009,326,,326,326,
no_download,21794,3008,433,,433,433,
no_download,21795,3007,283,,283,283,
no_download,21796,3006,319,,319,319,
no_download,21797,3005,318,,318,318,
no_download,21798,3004,196,,196,196,
no_download,21799,3003,359,,359,359,
no_download,21800,3002,165,,165,165,
no_download,21801,3001,172,,172,172,
no_download,21802,3000,160,,160,160,
no_download,21803,2999,145,,145,145,
no_download,21804,2998,167,,167,167,
no_download,21829,3008,433,,433,433,
no_download,21830,3009,326,,326,326,
inexact,21845,7315,16,2,19,19,https://api.tuforums.com/cdn/f44f2f60-2558-46d5-89af-269dfa2487b7
no_download,21853,3013,1324,,1324,1324,
no_download,21964,3019,424,,424,424,
no_download,21965,3004,196,,196,196,
no_download,21966,3002,165,,165,165,
no_download,21967,3000,160,,160,160,
no_download,22010,3001,172,,172,172,
no_download,22105,2998,167,,167,167,
no_download,22155,3004,196,,196,196,
no_download,22156,3019,424,,424,424,
no_download,22162,3003,359,,359,359,
no_download,22163,3002,165,,165,165,
no_download,22164,3000,160,,160,160,
no_download,22165,3001,172,,172,172,
no_download,22166,2999,145,,145,145,
inexact,22168,8574,2397,25,2424,2424,https://api.tuforums.com/cdn/e4f45834-c539-4604-aab8-87336e34b3b1
no_download,22210,3001,172,,172,172,
no_download,22223,2998,167,,167,167,
no_download,22229,2998,167,,167,167,
no_download,22267,2998,167,,167,167,
no_download,22268,2999,145,,145,145,
no_download,22269,3000,160,,160,160,
no_download,22270,3001,172,,172,172,
no_download,22271,3002,165,,165,165,
no_download,22282,3000,160,,160,160,
no_download,22283,3002,165,,165,165,
no_download,22363,3031,673,,673,673,
no_download,22415,3001,172,,172,172,
no_download,22417,2999,145,,145,145,
no_download,22419,2998,167,,167,167,
no_download,22428,5951,340,17,340,340,
inexact,22553,7315,16,2,11,11,https://api.tuforums.com/cdn/f44f2f60-2558-46d5-89af-269dfa2487b7
inexact,22555,1280,2670,49,4751,4751,https://api.tuforums.com/cdn/6f0f2b12-28c6-456c-be9d-a62f12d0a622
no_download,22563,3004,196,,196,196,
no_download,22564,3003,359,,359,359,
no_download,22655,3003,359,,359,359,
no_download,22724,2998,167,,167,167,
no_download,22725,2999,145,,145,145,
no_download,22726,3000,160,,160,160,
no_download,22727,3001,172,,172,172,
no_download,22728,3002,165,,165,165,
no_download,22729,3003,359,,359,359,
no_download,22764,3004,196,,196,196,
no_download,22785,3007,283,,283,283,
no_download,22786,3006,319,,319,319,
no_download,22787,3005,318,,318,318,
no_download,22788,3004,196,,196,196,
no_download,22838,8637,,,753,750,X
no_download,22870,8895,,,653,633,
no_download,22885,8934,,,550,549,https://fixcdn.hyonsu.com/attachments/828884863813550121/841464724759380018/Turn_the_Lights_Off_Mine.zip
no_download,22924,2966,,,968,912,
no_download,22988,3008,433,,433,433,
no_download,22989,3009,326,,326,326,
no_download,23018,2998,167,,167,167,
no_download,23059,3023,296,,296,296,
no_download,23068,3001,172,,172,172,
no_download,23069,3000,160,,160,160,
no_download,23070,2999,145,,145,145,
no_download,23071,2998,167,,167,167,
no_download,23072,3004,196,,196,196,
no_download,23073,3003,359,,359,359,
no_download,23074,3002,165,,165,165,
no_download,23077,3005,318,,318,318,
no_download,23078,3006,319,,319,319,
no_download,23079,3007,283,,283,283,
no_download,23080,3008,433,,433,433,
no_download,23081,3009,326,,326,326,
no_download,23082,3010,259,,259,259,
no_download,23083,3014,236,,236,236,
no_download,23084,3015,269,,269,269,
no_download,23085,3017,415,,415,415,
no_download,23086,3016,431,,431,431,
no_download,23088,3000,160,,160,160,
no_download,23126,2999,145,,145,145,
no_download,23127,3000,160,,160,160,
no_download,23128,3001,172,,172,172,
no_download,23129,3002,165,,165,165,
no_download,23130,3003,359,,359,359,
no_download,23131,3004,196,,196,196,
no_download,23132,3004,196,,196,196,
no_download,23133,3005,318,,318,318,
no_download,23134,3006,319,,319,319,
inexact,23171,6526,408,9,419,419,https://api.tuforums.com/cdn/5a87f6b3-6f9a-4970-917a-a3f79090e791
no_download,23210,3020,404,,404,404,
no_download,23212,5951,340,17,340,340,
no_download,23213,3023,296,,296,296,
no_download,23214,3021,428,,428,428,
no_download,23215,3024,223,,223,223,
no_download,23219,4084,,,4356,4290,https://drive.google.com/drive/folders/1_w_K4A-ogu_9qyJmDwK_fi56eDecUhI-
no_download,23220,3011,815,,815,815,
inexact,23268,1280,2670,49,4751,4751,https://api.tuforums.com/cdn/6f0f2b12-28c6-456c-be9d-a62f12d0a622
no_download,23275,2999,145,,145,145,
no_download,23278,2998,167,,167,167,
no_download,23304,3000,160,,160,160,
no_download,23307,3002,165,,165,165,
no_download,23308,3001,172,,172,172,
no_download,23392,3021,428,,428,428,
no_download,23393,3020,404,,404,404,
no_download,23435,3004,196,,196,196,
no_download,23452,2998,167,,167,167,
no_download,23553,3010,259,,259,259,
no_download,23554,3009,326,,326,326,
no_download,23555,3005,318,,318,318,
no_download,23556,3003,359,,359,359,
no_download,23557,3000,160,,160,160,
no_download,23558,2998,167,,167,167,
ancient_5405,23589,9356,1104,42,50,40,https://api.tuforums.com/cdn/5ca61454-d0c9-47ac-9663-b41ba3a0b517
no_download,23620,3001,172,,172,172,
no_download,23842,5952,557,,557,557,
no_download,23985,3019,424,,424,424,
no_download,24099,3006,319,,319,319,
no_download,24100,3005,318,,318,318,
no_download,24125,3008,433,,433,433,
no_download,24256,3000,160,,160,160,
no_download,24276,2999,145,,145,145,
no_download,24277,2998,167,,167,167,
no_download,24348,3027,600,,600,600,
no_download,24354,3001,172,,172,172,
no_download,24395,8497,,,1852,1810,https://wwdu.lanzouu.com/iCToN2t2rb6d
no_download,24511,3020,404,,404,404,
no_download,24512,3003,359,,359,359,
no_download,24513,3006,319,,319,319,
no_download,24514,3014,236,,236,236,
no_download,24551,3008,433,,433,433,
no_download,24552,3009,326,,326,326,
no_download,24621,3003,359,,359,359,
no_download,24625,3006,319,,319,319,
no_download,24627,3004,196,,196,196,
no_download,24628,3002,165,,165,165,
no_download,24629,3001,172,,172,172,
no_download,24630,3000,160,,160,160,
no_download,24631,2998,167,,167,167,
no_download,24632,2999,145,,145,145,
no_download,24687,3001,172,,172,172,
no_download,24734,5951,340,17,340,340,
no_download,24735,3018,454,,454,454,
no_download,24737,3023,296,,296,296,
no_download,24738,3017,415,,415,415,
no_download,24739,3014,236,,236,236,
no_download,24740,3015,269,,269,269,
no_download,24741,3009,326,,326,326,
no_download,24742,3008,433,,433,433,
no_download,24743,3007,283,,283,283,
no_download,24744,3006,319,,319,319,
no_download,24745,3005,318,,318,318,
no_download,24746,3004,196,,196,196,
no_download,24747,3003,359,,359,359,
no_download,24748,3010,259,,259,259,
no_download,24769,7378,,,818,783,
ancient_5405,24850,3115,703,0,50,40,https://api.tuforums.com/cdn/87e4d561-1974-4131-a495-0e671e4bf34c
ancient_5405,24853,1759,1036,1,50,40,https://api.tuforums.com/cdn/0e13be79-52e8-4676-82cf-341febf31012
no_download,24885,3003,359,,359,359,
ancient_5405,24888,8868,576,0,50,40,https://api.tuforums.com/cdn/391f7986-6205-424f-9d7a-2f19df4a9aec
ancient_5405,24889,3118,1875,45,50,40,https://api.tuforums.com/cdn/abd6d836-b68e-4752-9fae-201d06419763
ancient_5405,24905,3042,726,3,50,40,https://api.tuforums.com/cdn/407330ad-6692-4696-b164-d762a44acc73
ancient_5405,24915,6506,281,0,50,40,https://api.tuforums.com/cdn/c9272e28-0df5-49d1-b01c-81496cfdbec3
no_download,24989,8215,,,1883,1830,https://ns.memsyslizi.cn/HeHeHe.zip
no_download,25132,2998,167,,167,167,
no_download,25141,8391,,,1713,1657,https://wwdu.lanzouu.com/i41Ci2s2mxgj
no_download,25187,3003,359,,359,359,
no_download,25208,3003,359,,359,359,
no_download,25209,3000,160,,160,160,
no_download,25210,2998,167,,167,167,
no_download,25212,2998,167,,167,167,
no_download,25224,9759,,,2549,2487,https://wwoj.lanzouu.com/i5fdR32ij8ja
inexact,25259,1280,2670,49,4751,4751,https://api.tuforums.com/cdn/6f0f2b12-28c6-456c-be9d-a62f12d0a622
no_download,25266,3015,269,,269,269,
no_download,25287,2998,167,,167,167,
no_download,25292,5952,557,,557,557,
no_download,25293,3032,680,,680,680,
no_download,25295,3031,673,,673,673,
no_download,25296,3029,436,,436,436,
no_download,25297,3021,428,,428,428,
no_download,25298,3020,404,,404,404,
no_download,25299,3027,600,,600,600,
no_download,25300,3026,868,,868,868,
no_download,25301,3025,382,,382,382,
no_download,25302,3024,223,,223,223,
no_download,25303,3028,408,,408,408,
no_download,25304,3016,431,,431,431,
no_download,25305,3002,165,,165,165,
no_download,25306,3019,424,,424,424,
no_download,25307,3000,160,,160,160,
no_download,25308,2999,145,,145,145,
no_download,25346,3009,326,,326,326,
no_download,25355,3030,1091,,1093,1093,
no_download,25443,3024,223,,223,223,
no_download,25444,3025,382,,382,382,
no_download,25446,3032,680,,680,680,
inexact,25481,3508,1342,8,1349,1349,https://api.tuforums.com/cdn/cb41a5fe-f476-456a-8d10-9646d768c135
no_download,25681,3030,1091,,1091,1091,
no_download,25865,3019,424,,424,424,
no_download,25866,3000,160,,160,160,
no_download,25868,2999,145,,145,145,
no_download,25935,3019,424,,424,424,
no_download,26076,2998,167,,167,167,
inexact,26150,1280,2670,49,4751,4751,https://api.tuforums.com/cdn/6f0f2b12-28c6-456c-be9d-a62f12d0a622
inexact,26220,1686,1500,44,1541,1541,https://api.tuforums.com/cdn/683e9ef1-d932-4fab-80d1-6dddd999e2d5
no_download,26238,3003,359,,359,359,
no_download,26415,5951,340,17,340,340,
no_download,26445,9221,,,1353,1319,https://drive.google.com/drive/folders/1sENEt-VH0v4xr_mmQt_0Qh7u06kW-B-a
no_download,26539,3010,259,,259,259,
inexact,26565,6526,408,9,114514,114514,https://api.tuforums.com/cdn/5a87f6b3-6f9a-4970-917a-a3f79090e791
no_download,26592,4759,,,1627,1609,https://drive.google.com/file/d/1NbCN4XjFIKU0gKsE_E6VV6sYcYD04Yz9/view?usp=drive_link
no_download,26601,3032,680,,671,671,
ancient_5405,26838,606,2515,3,50,40,https://api.tuforums.com/cdn/e924ab5b-31bc-47ff-bd9c-945d0d100010
no_download,26916,6367,,,2679,2657,https://fixcdn.hyonsu.com/attachments/1212666371687579688/1285875477113864244/Crash-Landing_Rendezvous.zip
inexact,26926,6514,370,2,312,312,https://api.tuforums.com/cdn/73159e43-ded4-4957-984a-d5ea95a810bf
no_download,26938,5397,,,1293,1276,
no_download,26955,3003,359,,359,359,
no_download,26956,3002,165,,165,165,
no_download,26957,3001,172,,172,172,
no_download,26958,3000,160,,160,160,
no_download,26959,2999,145,,145,145,
no_download,26960,2998,167,,167,167,
inexact,27063,6513,279,2,1,1,https://api.tuforums.com/cdn/40e7677f-3349-4551-983a-c4cf0629fc95
inexact,27131,1280,2670,49,4751,4751,https://api.tuforums.com/cdn/6f0f2b12-28c6-456c-be9d-a62f12d0a622
inexact,27216,9850,385,1,390,390,https://api.tuforums.com/cdn/024716f7-1128-42b7-ad80-991fc9855605
no_download,27278,10304,,,462,455,
no_download,27286,3014,236,,236,236,
no_download,27287,3015,269,,269,269,
no_download,27289,3019,424,,424,424,
no_download,27290,3017,415,,415,415,
no_download,27292,3023,296,,296,296,
no_download,27294,3020,404,,404,404,
no_download,27296,3024,223,,223,223,
no_download,27297,3025,382,,382,382,
no_download,27298,3027,600,,600,600,
ancient_5405,27315,3080,1021,0,50,40,https://api.tuforums.com/cdn/c3802d18-3202-4662-803a-ac87c3cb5fe9
ancient_5405,27316,3168,925,4,50,40,https://api.tuforums.com/cdn/6ce5df55-85e0-45c7-ab74-e1e48a49606a
ancient_5405,27317,6053,807,15,50,40,https://api.tuforums.com/cdn/84c4cf89-e45b-4899-99f9-0af394cadea0
ancient_5405,27318,8637,,,50,40,X
ancient_5405,27319,3059,1101,59,50,40,https://api.tuforums.com/cdn/9f8cb740-a268-4799-9569-3751d0570dcd
ancient_5405,27320,3076,868,14,50,40,https://api.tuforums.com/cdn/6a4cac80-c50f-4f4d-af05-9a065c599458
ancient_5405,27321,8638,729,1,50,40,https://api.tuforums.com/cdn/2a2845d1-6266-452a-895d-8c7970dc8dbe
ancient_5405,27322,8639,1068,68,50,40,https://api.tuforums.com/cdn/bec883df-068f-4e85-af5b-e3645a47b987
ancient_5405,27323,6316,1773,4,50,40,https://api.tuforums.com/cdn/eb6534e7-0011-46e6-b6df-f85776979fd8
ancient_5405,27324,6491,478,0,50,40,https://api.tuforums.com/cdn/e9ba4033-0458-4cff-980d-4c90b4d4da36
ancient_5405,27325,3147,1796,46,50,40,https://api.tuforums.com/cdn/a37beff8-abe6-4927-9596-9f209bdfbed4
ancient_5405,27326,8912,2007,0,50,40,https://api.tuforums.com/cdn/0ae30185-bacc-43d1-9366-54708d316842
ancient_5405,27327,4974,1888,78,50,40,https://api.tuforums.com/cdn/baa2a32d-c268-4106-ba13-e565d9caeda9
ancient_5405,27328,3077,1099,5,50,40,https://api.tuforums.com/cdn/42fbeded-60eb-48ca-9f2c-0ac3e186bc75
ancient_5405,27329,3124,1554,195,50,40,https://api.tuforums.com/cdn/80e5e080-6983-4752-8bbc-f8e648d27aa5
ancient_5405,27330,4103,1263,3,50,40,https://api.tuforums.com/cdn/7565b165-1ccd-44f5-8a4b-d7929c200ec9
ancient_5405,27331,4112,1204,67,50,40,https://api.tuforums.com/cdn/3e46ef25-703b-43f3-a2b0-95a914d385de
ancient_5405,27332,988,1846,79,50,40,https://api.tuforums.com/cdn/a6e86fe5-b60a-4e9c-bd00-01828271970b
ancient_5405,27333,3118,1875,45,50,40,https://api.tuforums.com/cdn/abd6d836-b68e-4752-9fae-201d06419763
ancient_5405,27334,8651,1131,0,50,40,https://api.tuforums.com/cdn/d10498e5-a172-4a07-abd5-4b8b9280c04b
ancient_5405,27335,1174,1240,78,50,40,https://api.tuforums.com/cdn/b4a5c59b-9495-4025-9b82-71997bb9fcc2
ancient_5405,27336,3953,1597,27,50,40,https://api.tuforums.com/cdn/b5191c0e-f025-4f2d-9241-25be002832e8
inexact,27346,10185,2329,31,824,824,https://api.tuforums.com/cdn/f663d904-31e8-48c4-86db-6309e3be5093
inexact,27359,1280,2670,49,4751,4751,https://api.tuforums.com/cdn/6f0f2b12-28c6-456c-be9d-a62f12d0a622
no_download,27367,10149,,,852,839,
midspin_null,27431,10300,415,,415,415,https://api.tuforums.com/cdn/80e6b1c2-ee8d-45a6-92ba-1bac99a222b7
no_download,27494,3014,236,,236,236,
no_download,27495,3002,165,,165,165,
no_download,27496,3004,196,,196,196,
no_download,27497,3006,319,,319,319,
no_download,27499,2998,167,,167,167,
no_download,27581,7381,,,717,695,
no_download,27611,3007,283,,283,283,
inexact,27652,10185,2329,31,824,824,https://api.tuforums.com/cdn/f663d904-31e8-48c4-86db-6309e3be5093
no_download,27689,3012,487,,487,487,
no_download,27690,3011,815,,815,815,
inexact,27755,4290,425,7,281,281,https://api.tuforums.com/cdn/3469fe39-ada1-4b0f-8790-85784f5f7042
no_download,27776,3025,382,,382,382,
no_download,27778,3024,223,,223,223,
no_download,27779,3018,454,,454,454,
no_download,27780,3015,269,,269,269,
no_download,27781,3017,415,,415,415,
no_download,27782,3007,283,,283,283,
no_download,27783,3005,318,,318,318,
no_download,27800,5951,340,17,340,340,
no_download,27819,3022,679,,672,672,
inexact,27844,5170,623,6,1,1,https://api.tuforums.com/cdn/f65e5354-c2d1-45f7-ba01-528191b6a08c
no_download,27989,3015,269,,727,727,
inexact,28024,1684,2720,5,2726,2726,https://api.tuforums.com/cdn/20f04337-c18c-43ba-b38d-4e2b15f4f5c4
no_download,28123,3003,359,,359,359,
no_download,28125,3002,165,,165,165,
no_download,28129,3001,172,,172,172,
no_download,28131,3000,160,,160,160,
no_download,28132,2999,145,,145,145,
no_download,28134,2998,167,,167,167,
no_download,28172,3011,815,,815,815,
inexact,28196,2412,2885,132,514,514,https://api.tuforums.com/cdn/d56623e9-7ffd-4692-9a56-231bc6791372
ancient_5405,28259,10612,1222,12,50,40,https://api.tuforums.com/cdn/8d9ea447-2b07-43a9-9240-98303e39d7ab
ancient_5405,28261,10612,1222,12,50,40,https://api.tuforums.com/cdn/8d9ea447-2b07-43a9-9240-98303e39d7ab
ancient_5405,28262,10612,1222,12,50,40,https://api.tuforums.com/cdn/8d9ea447-2b07-43a9-9240-98303e39d7ab
inexact,28324,10185,2329,31,824,824,https://api.tuforums.com/cdn/f663d904-31e8-48c4-86db-6309e3be5093
no_download,28336,8734,,,1747,1694,https://drive.google.com/drive/folders/1rvE8mVrsKBl4NeKSiIMnVbdzkdB3SVO9?usp=sharing
inexact,28350,1957,700,5,2725,2725,https://api.tuforums.com/cdn/235aac4c-cbe7-4c7b-95ce-91d16030e385
no_download,28443,7882,,,2456,2421,X
no_download,28470,9872,,,2103,2042,https://drive.google.com/file/d/1BLzcqjgqMM5xAwEa2yXKY_MICKMJFwj3/view?usp=sharing
ancient_5405,28557,4119,1185,34,50,40,https://api.tuforums.com/cdn/859f6430-a668-4570-826c-a07fa4e8e160
ancient_5405,28558,4119,1185,34,50,40,https://api.tuforums.com/cdn/859f6430-a668-4570-826c-a07fa4e8e160
no_download,28622,3017,415,,415,415,
no_download,28815,2998,167,,1,1,
no_download,28816,2999,145,,1,1,
no_download,28817,3001,172,,1,1,
no_download,29030,8734,,,1747,1733,https://drive.google.com/drive/folders/1rvE8mVrsKBl4NeKSiIMnVbdzkdB3SVO9?usp=sharing
no_download,29036,2998,167,,167,167,
no_download,29037,2999,145,,145,145,
no_download,29038,3000,160,,160,160,
no_download,29039,3001,172,,172,172,
no_download,29040,3002,165,,165,165,
no_download,29041,3003,359,,359,359,
no_download,29042,3004,196,,196,196,
no_download,29047,3012,487,,487,487,
inexact,29053,9850,385,1,390,390,https://api.tuforums.com/cdn/024716f7-1128-42b7-ad80-991fc9855605
no_download,29055,5952,557,,557,557,
no_download,29056,3021,428,,428,428,
no_download,29061,3010,259,,259,259,
inexact,29075,9850,385,1,390,390,https://api.tuforums.com/cdn/024716f7-1128-42b7-ad80-991fc9855605
no_download,29214,9568,,,2430,2293,https://ilmc.lanzout.com/iaiZl314s5qd
no_download,29262,3004,196,,196,196,
no_download,29263,3003,359,,359,359,
no_download,29265,3001,172,,172,172,
inexact,29268,6526,408,9,419,419,https://api.tuforums.com/cdn/5a87f6b3-6f9a-4970-917a-a3f79090e791
no_download,29308,3002,165,,165,165,
no_download,29312,2998,167,,167,167,
no_download,29313,2999,145,,145,145,
no_download,29314,3000,160,,160,160,
no_download,29315,3001,172,,172,172,
no_download,29316,3002,165,,165,165,
no_download,29317,3003,359,,359,359,
no_download,29318,3004,196,,196,196,
no_download,29319,3005,318,,318,318,
no_download,29320,3006,319,,319,319,
no_download,29321,3007,283,,283,283,
no_download,29322,3008,433,,433,433,
no_download,29323,3009,326,,326,326,
ancient_5405,29558,10910,1194,0,50,40,https://api.tuforums.com/cdn/4baa44e6-bd41-4f0e-8e14-b2f0f624ae0c
no_download,29603,2998,167,,167,167,
no_download,29605,3000,160,,160,160,
inexact,29628,512,3765,8,3775,3775,https://api.tuforums.com/cdn/6b4a488d-b9ab-4518-a1e3-e5c604ea2b89
no_download,29642,3002,165,,165,165,
no_download,29644,2999,145,,145,145,
inexact,29677,6526,408,9,1,1,https://api.tuforums.com/cdn/5a87f6b3-6f9a-4970-917a-a3f79090e791
no_download,29697,3001,172,,172,172,
no_download,29699,3004,196,,196,196,
no_download,29731,3005,318,,318,318,
inexact,29749,6499,1035,18,1057,1057,https://api.tuforums.com/cdn/8849f2f7-a624-40ee-845b-b97707667914
no_download,29795,3009,326,,326,326,
no_download,29796,3008,433,,433,433,
no_download,29797,3007,283,,283,283,
no_download,29798,3006,319,,319,319,
no_download,29799,3005,318,,318,318,
no_download,29800,3004,196,,196,196,
no_download,29809,3006,319,,319,319,
no_download,29813,3019,424,,424,424,
no_download,29944,5396,,,947,918,
no_download,29959,3008,433,,433,433,
no_download,29960,3007,283,,283,283,
no_download,29966,3009,326,,326,326,
no_download,29969,3013,1324,,1324,1324,
ancient_5405,29971,10956,2160,55,50,40,https://api.tuforums.com/cdn/e606ef0f-903f-4057-aa89-7bc6f840811b
no_download,29975,3010,259,,259,259,
no_download,30011,3015,269,,269,269,
no_download,30015,3022,679,,679,679,
no_download,30041,10149,,,852,821,
no_download,30061,2998,167,,1,1,
no_download,30114,3010,259,,259,259,
inexact,30130,3042,726,3,724,724,https://api.tuforums.com/cdn/407330ad-6692-4696-b164-d762a44acc73
no_download,30135,3022,679,,679,679,
no_download,30215,3016,431,,431,431,
no_download,30248,3002,165,,1,1,
no_download,30251,3001,172,,1,1,
no_download,30252,3000,160,,1,1,
no_download,30253,2999,145,,1,1,
no_download,30254,2998,167,,1,1,
no_download,30286,3011,815,,815,815,
no_download,30298,5951,340,17,341,341,
no_download,30300,3004,196,,196,196,
no_download,30328,2998,167,,167,167,
no_download,30332,2999,145,,145,145,
no_download,30345,2998,167,,167,167,
no_download,30346,2999,145,,145,145,
no_download,30347,3000,160,,160,160,
no_download,30348,3001,172,,172,172,
no_download,30349,3002,165,,165,165,
no_download,30350,3003,359,,359,359,
no_download,30351,3004,196,,196,196,
no_download,30352,3005,318,,318,318,
no_download,30353,3006,319,,319,319,
no_download,30355,3007,283,,283,283,
no_download,30356,3008,433,,433,433,
no_download,30357,3009,326,,326,326,
no_download,30358,3010,259,,259,259,
no_download,30485,2998,167,,167,167,
ancient_5405,30514,3118,1875,45,50,40,https://api.tuforums.com/cdn/abd6d836-b68e-4752-9fae-201d06419763
no_download,30705,3005,318,,318,318,
no_download,30713,10149,,,852,848,
no_download,30755,3183,,,3430,3380,https://drive.google.com/file/d/1YXADOIkbWdavpHsNnvcIe3quvHdb5yi2/view?usp=sharing
no_download,30837,2998,167,,167,167,
inexact,30953,10905,844,515,123456789,123456789,https://api.tuforums.com/cdn/8ea1d77e-b7ce-48d6-99c3-a16bc640f1d5
inexact,30983,4323,492,20,1,1,https://api.tuforums.com/cdn/c1082dcf-02d2-4e38-95a6-91e19365d148
inexact,31001,10604,743,1,768,768,https://api.tuforums.com/cdn/1a5ccf92-45dd-4cf4-9a29-f57b4093b8ac
no_download,31076,3010,259,,259,259,
no_download,31100,10149,,,852,797,
no_download,31200,3003,359,,359,359,
no_download,31201,3002,165,,165,165,
no_download,31203,3001,172,,172,172,
no_download,31204,3000,160,,160,160,
no_download,31205,2999,145,,145,145,
no_download,31206,2998,167,,167,167,
no_download,31242,3004,196,,196,196,
no_download,31419,7381,,,717,710,
no_download,31783,2999,145,,145,145,
inexact,31818,1221,4921,15,4935,4935,https://api.tuforums.com/cdn/867790fd-cfba-404e-ad42-7f953129d27e
inexact,31826,9850,385,1,390,390,https://api.tuforums.com/cdn/024716f7-1128-42b7-ad80-991fc9855605
no_download,31854,3000,160,,160,160,
no_download,31966,3000,160,,160,160,
no_download,31967,2998,167,,167,167,
no_download,31968,2999,145,,145,145,
no_download,31970,3014,236,,236,236,
no_download,31973,5951,340,17,340,340,
no_download,31974,3019,424,,424,424,
inexact,32005,4290,425,7,281,281,https://api.tuforums.com/cdn/3469fe39-ada1-4b0f-8790-85784f5f7042
no_download,32084,3003,359,,359,359,
no_download,32086,3001,172,,172,172,
no_download,32235,3028,408,,1,1,
inexact,32264,6316,1773,4,1780,1780,https://api.tuforums.com/cdn/eb6534e7-0011-46e6-b6df-f85776979fd8
no_download,32300,3016,431,,431,431,
no_download,32301,3009,326,,326,326,
no_download,32302,3008,433,,433,433,
no_download,32349,3000,160,,160,160,
no_download,32397,3000,160,,160,160,
no_download,32401,2999,145,,145,145,
no_download,32402,3001,172,,172,172,
no_download,32403,2998,167,,167,167,
no_download,32434,3000,160,,160,160,
no_download,32464,3019,424,,424,424,
no_download,32465,3004,196,,196,196,
no_download,32466,3002,165,,165,165,
no_download,32471,3000,160,,160,160,
no_download,32472,2998,167,,167,167,
no_download,32516,3005,318,,318,318,
no_download,32520,3003,359,,359,359,
no_download,32539,2998,167,,167,167,
no_download,32567,6013,,,1359,1310,
no_download,32570,5378,,,2277,2242,https://fixcdn.hyonsu.com/attachments/1236612576000082000/1256819738915373086/OCULiSM.zip?ex=66822818&is=6680d698&hm=d9355f4115a91dce38a63103a28e1a1ca48e7024aae8d8201e3a8f670293deb3&
inexact,32626,6519,537,11,1,1,https://api.tuforums.com/cdn/327413c8-bb52-4149-b3f0-26d454facb0a
inexact,32784,3090,1484,24,1925,1925,https://api.tuforums.com/cdn/25a5361c-74df-49cc-81ea-6d35bb8396ed
no_download,32951,3004,196,,196,196,
no_download,32952,3002,165,,165,165,
no_download,32954,2999,145,,145,145,
inexact,32997,6226,531,20,548,548,https://api.tuforums.com/cdn/5740dc94-cbb2-43a0-94f3-492744bacaad
no_download,32998,3001,172,,172,172,
no_download,32999,3003,359,,359,359,
no_download,33000,3006,319,,319,319,
no_download,33001,3007,283,,283,283,
no_download,33002,3008,433,,433,433,
no_download,33003,3009,326,,326,326,
no_download,33060,2998,167,,167,167,
no_download,33080,3009,326,,1,1,
no_download,33081,3006,319,,1,1,
no_download,33082,3005,318,,1,1,
no_download,33083,3004,196,,1,1,
no_download,33084,3003,359,,1,1,
no_download,33085,3002,165,,1,1,
no_download,33086,3001,172,,1,1,
no_download,33087,3000,160,,1,1,
no_download,33088,2998,167,,1,1,
no_download,33089,2999,145,,1,1,
no_download,33096,3002,165,,165,165,
no_download,33097,3001,172,,172,172,
no_download,33098,3000,160,,160,160,
no_download,33099,2999,145,,145,145,
no_download,33104,3005,318,,319,319,
inexact,33160,6515,451,6,456,456,https://api.tuforums.com/cdn/d901afb8-34ab-4cdc-a9ca-43569c1f3079
no_download,33262,2998,167,,167,167,
no_download,33263,3001,172,,172,172,
no_download,33264,2999,145,,145,145,
no_download,33265,2998,167,,145,145,
no_download,33266,2998,167,,167,167,
no_download,33300,3003,359,,359,359,
no_download,33303,3004,196,,196,196,
inexact,33321,6526,408,9,2000,2000,https://api.tuforums.com/cdn/5a87f6b3-6f9a-4970-917a-a3f79090e791
inexact,33345,5039,597,1,1559,1559,https://api.tuforums.com/cdn/821579b0-ae93-4ea0-9823-530db7c2b53e
inexact,33347,4924,264,2,396,396,https://api.tuforums.com/cdn/1fd47663-19af-4a7a-ba5a-02ca58126bf5
no_download,33439,3011,815,,815,815,
inexact,33457,6513,279,2,1,1,https://api.tuforums.com/cdn/40e7677f-3349-4551-983a-c4cf0629fc95
ancient_5405,33500,11510,891,10,50,40,https://api.tuforums.com/cdn/cd22a3b1-5685-432c-9db1-48c730e91d69
inexact,33637,6529,391,2,91,91,https://api.tuforums.com/cdn/890b36f5-4fab-461b-a3d1-fd83998a5e8c
no_download,33708,3001,172,,172,172,
no_download,33709,2999,145,,145,145,
no_download,33710,2998,167,,167,167,
no_download,33805,3004,196,,196,196,
no_download,33900,9463,,,1297,1293,https://drive.google.com/file/d/1DHsrYCb5Ib_Kyql77JtU4zHtPXvy3X0e/view?usp=sharing
no_download,33917,3023,296,,1,1,
no_download,33921,3010,259,,1,1,
no_download,33941,3031,673,,1,1,
inexact,33985,6062,680,227,1,1,https://api.tuforums.com/cdn/17c1dc9d-3655-44b1-9a20-5e9c5ec1aedc
inexact,33986,6529,391,2,1,1,https://api.tuforums.com/cdn/890b36f5-4fab-461b-a3d1-fd83998a5e8c
inexact,33987,6059,418,1,1,1,https://api.tuforums.com/cdn/2b19a38f-e463-40e0-b059-7cab9a27912d
inexact,33988,6058,391,137,1,1,https://api.tuforums.com/cdn/a3581606-96c6-4908-b3fc-4c89565d2c78
inexact,34036,1280,2670,49,4751,4751,https://api.tuforums.com/cdn/6f0f2b12-28c6-456c-be9d-a62f12d0a622
no_download,34046,3017,415,,415,415,
no_download,34049,3019,424,,424,424,
no_download,34106,3022,679,,1,1,
no_download,34113,3001,172,,172,172,
no_download,34125,3002,165,,165,165,
no_download,34177,3001,172,,145,145,
no_download,34178,2999,145,,145,145,
no_download,34181,2998,167,,167,167,
no_download,34200,3001,172,,172,172,
no_download,34228,3004,196,,196,196,
no_download,34244,3001,172,,172,172,
no_download,34246,2999,145,,145,145,
no_download,34247,3000,160,,160,160,
no_download,34249,2998,167,,167,167,
no_download,34296,3003,359,,359,359,
no_download,34297,3002,165,,165,165,
no_download,34345,3006,319,,319,319,
no_download,34346,3004,196,,196,196,
no_download,34347,3003,359,,359,359,
no_download,34349,3002,165,,165,165,
no_download,34515,3014,236,,236,236,
no_download,34520,3019,424,,424,424,
no_download,34694,3000,160,,160,160,
no_download,34695,3000,160,,160,160,
no_download,34782,3003,359,,359,359,
no_download,34783,3004,196,,196,196,
no_download,34784,3005,318,,318,318,
no_download,34785,3006,319,,319,319,
no_download,34786,3007,283,,283,283,
inexact,34799,4090,2543,2,6974,6974,https://api.tuforums.com/cdn/73c2d2c4-0974-43a3-bff2-ee93d170dbbe
inexact,34876,11830,14164,836,14857,14642,https://api.tuforums.com/cdn/3cafc5c4-a5df-4787-a5f2-ab89c16967bf
no_download,34956,3001,172,,172,172,
no_download,34957,2998,167,,167,167,
no_download,34958,2999,145,,145,145,
inexact,35176,512,3765,8,3774,3774,https://api.tuforums.com/cdn/6b4a488d-b9ab-4518-a1e3-e5c604ea2b89
no_download,35233,2998,167,,167,167,
no_download,35234,2999,145,,145,145,
no_download,35235,3000,160,,160,160,
no_download,35236,3001,172,,172,172,
no_download,35237,3002,165,,165,165,
no_download,35238,3003,359,,359,359,
no_download,35239,3004,196,,196,196,
no_download,35240,3005,318,,318,318,
no_download,35241,3006,319,,319,319,
no_download,35242,3007,283,,283,283,
no_download,35243,3008,433,,433,433,
no_download,35244,3009,326,,326,326,
no_download,35246,2998,167,,1,1,
no_download,35247,2999,145,,1,1,
no_download,35248,3000,160,,1,1,
no_download,35249,3001,172,,1,1,
no_download,35250,3002,165,,1,1,
no_download,35251,3003,359,,1,1,
no_download,35356,3004,196,,1,1,
no_download,35399,3010,259,,259,259,
no_download,35400,3022,679,,679,679,
no_download,35401,3021,428,,428,428,
no_download,35402,3020,404,,404,404,
no_download,35403,5952,557,,557,557,
no_download,35404,5951,340,17,340,340,
no_download,35406,3018,454,,454,454,
no_download,35407,3023,296,,296,296,
no_download,35408,3017,415,,415,415,
no_download,35409,3019,424,,424,424,
no_download,35410,3016,431,,431,431,
no_download,35411,3015,269,,269,269,
no_download,35412,3014,236,,236,236,
no_download,35429,3001,172,,172,172,
no_download,35432,2998,167,,167,167,
no_download,35463,2999,145,,145,145,
no_download,35467,2998,167,,167,167,
no_download,35538,3009,326,,326,326,
no_download,35539,3008,433,,433,433,
no_download,35540,3007,283,,283,283,
no_download,35541,3006,319,,319,319,
no_download,35542,3005,318,,318,318,
no_download,35543,3003,359,,359,359,
no_download,35544,3004,196,,196,196,
no_download,35545,3002,165,,165,165,
no_download,35546,3001,172,,172,172,
no_download,35547,3000,160,,160,160,
no_download,35548,2999,145,,145,145,
no_download,35552,2998,167,,167,167,
no_download,35627,3031,673,,673,673,
no_download,35628,3030,1091,,1093,1093,
no_download,35629,3029,436,,436,436,
no_download,35630,3028,408,,408,408,
no_download,35631,3032,680,,680,680,
no_download,35632,3027,600,,600,600,
no_download,35633,3026,868,,868,868,
no_download,35634,3025,382,,382,382,
no_download,35635,3024,223,,223,223,
no_download,35653,3013,1324,,1324,1324,
inexact,35690,9850,385,1,390,390,https://api.tuforums.com/cdn/024716f7-1128-42b7-ad80-991fc9855605
no_download,35712,2999,145,,145,145,
no_download,35725,3000,160,,160,160,
inexact,35747,7346,1773,11,1783,1783,https://api.tuforums.com/cdn/d4fd7d61-170e-4e70-a9ff-c6a8a0ad169c
no_download,35752,3016,431,,431,431,
no_download,35773,3023,296,,296,296,
no_download,35795,3019,424,,1,1,
no_download,36001,2998,167,,167,167,
inexact,36085,3042,726,3,721,721,https://api.tuforums.com/cdn/407330ad-6692-4696-b164-d762a44acc73
no_download,36183,12090,651,,651,651,
no_download,36185,12090,651,,651,651,
no_download,36214,3008,433,,433,433,
no_download,36215,3006,319,,319,319,
no_download,36217,3004,196,,196,196,
no_download,36218,3003,359,,359,359,
no_download,36219,3002,165,,165,165,
no_download,36220,3000,160,,160,160,
no_download,36221,3001,172,,172,172,
no_download,36222,2999,145,,145,145,
no_download,36223,2998,167,,167,167,
inexact,36234,3135,482,9,486,486,https://api.tuforums.com/cdn/d1782b21-fa08-4d29-bfaf-65f68a22e919
no_download,36239,12090,651,,651,651,
no_download,36247,12090,651,,651,651,
no_download,36279,12090,651,,651,651,
no_download,36315,12090,651,,1,1,
no_download,36374,3013,1324,,1324,1324,
no_download,36382,12090,651,,651,651,
no_download,36392,12090,651,,651,651,
no_download,36395,3010,259,,259,259,
no_download,36446,12090,651,,651,651,
no_download,36475,2998,167,,167,167,
no_download,36476,3002,165,,165,165,
no_download,36477,3000,160,,160,160,
no_download,36478,3001,172,,172,172,
no_download,36493,12090,651,,651,651,
no_download,36494,3009,326,,326,326,
no_download,36495,3002,165,,165,165,
no_download,36501,3003,359,,359,359,
inexact,36516,1280,2670,49,4751,4751,https://api.tuforums.com/cdn/6f0f2b12-28c6-456c-be9d-a62f12d0a622
no_download,36586,12090,651,,651,651,
inexact,36604,3135,482,9,486,486,https://api.tuforums.com/cdn/d1782b21-fa08-4d29-bfaf-65f68a22e919
no_download,37172,12090,651,,651,651,
inexact,37180,6526,408,9,471,471,https://api.tuforums.com/cdn/5a87f6b3-6f9a-4970-917a-a3f79090e791
no_download,37183,3029,436,,1,1,
no_download,37185,3028,408,,1,1,
inexact,37253,1280,2670,49,4751,4751,https://api.tuforums.com/cdn/6f0f2b12-28c6-456c-be9d-a62f12d0a622
no_download,37358,3024,223,,223,223,
no_download,37412,3002,165,,165,165,
no_download,37432,3015,269,,269,269,
no_download,37433,3014,236,,236,236,
no_download,37434,3008,433,,433,433,
no_download,37435,3007,283,,283,283,
no_download,37436,3006,319,,319,319,
no_download,37437,3005,318,,318,318,
no_download,37463,3021,428,,428,428,
no_download,37464,3020,404,,404,404,
no_download,37465,3016,431,,431,431,
no_download,37466,3009,326,,326,326,
inexact,37475,4290,425,7,281,281,https://api.tuforums.com/cdn/3469fe39-ada1-4b0f-8790-85784f5f7042
no_download,37575,3001,172,,1,1,
no_download,37576,2999,145,,1,1,
no_download,37577,2998,167,,1,1,
no_download,37584,3003,359,,359,359,
no_download,37585,3002,165,,165,165,
no_download,37586,3001,172,,172,172,
no_download,37587,3000,160,,160,160,
no_download,37588,2999,145,,145,145,
no_download,37590,2998,167,,167,167,
no_download,37617,3009,326,,326,326,
no_download,37625,3002,165,,165,165,
no_download,37626,3001,172,,172,172,
no_download,37628,2999,145,,145,145,
no_download,37629,2998,167,,167,167,
no_download,37640,3003,359,,1,1,
inexact,37642,6513,279,2,1,1,https://api.tuforums.com/cdn/40e7677f-3349-4551-983a-c4cf0629fc95
no_download,37645,3000,160,,1,1,
no_download,37646,3004,196,,1,1,
no_download,37647,3002,165,,1,1,
no_download,37716,3005,318,,318,318,
no_download,37759,3008,433,,433,433,
no_download,37760,3007,283,,283,283,
no_download,37761,3006,319,,319,319,
no_download,37762,3005,318,,318,318,
no_download,37763,3004,196,,196,196,
no_download,37784,3009,326,,326,326,
no_download,37823,3014,236,,236,236,
inexact,37866,3764,2763,32,2785,2785,https://api.tuforums.com/cdn/46a320c6-35f9-430d-bf25-0c1574274412
inexact,37917,6513,279,2,1,1,https://api.tuforums.com/cdn/40e7677f-3349-4551-983a-c4cf0629fc95
no_download,37923,5951,340,17,340,340,
no_download,37925,3019,424,,424,424,
no_download,37983,3004,196,,196,196,
no_download,38026,2998,167,,167,167,
inexact,38069,4290,425,7,281,281,https://api.tuforums.com/cdn/3469fe39-ada1-4b0f-8790-85784f5f7042
no_download,38098,3018,454,,454,454,
no_download,38155,3002,165,,165,165,
no_download,38159,2998,167,,167,167,
no_download,38161,3002,165,,165,165,
no_download,38162,3002,165,,165,165,
no_download,38186,12090,651,,651,651,
no_download,38206,3000,160,,160,160,
no_download,38208,2999,145,,145,145,
no_download,38234,3001,172,,172,172,
inexact,38273,12419,1059,224,1281,1281,https://api.tuforums.com/cdn/9dd34577-3a68-410f-8dba-babd1e352a96
no_download,38312,3010,259,,259,259,
no_download,38318,3003,359,,359,359,
no_download,38372,3032,680,,680,680,
no_download,38390,3004,196,,196,196,
no_download,38391,3003,359,,359,359,
no_download,38392,3002,165,,165,165,
no_download,38393,3001,172,,172,172,
no_download,38397,3000,160,,160,160,
no_download,38399,2999,145,,145,145,
no_download,38400,2998,167,,167,167,
no_download,38498,3022,679,,1,1,
no_download,38501,3011,815,,1,1,
inexact,38554,6987,1058,20,1077,1077,https://api.tuforums.com/cdn/d91965a6-bf57-4c1a-9692-3aa2d7a03df9
no_download,38622,5951,340,17,1,1,
no_download,38635,2998,167,,167,167,
no_download,38643,3021,428,,428,428,
no_download,38859,3006,319,,319,319,
inexact,38878,10903,609,3,1,1,https://api.tuforums.com/cdn/ea0572a0-2dba-4c1c-8b85-db4da89ae27d
no_download,38990,3027,600,,600,600,
inexact,39163,512,3765,8,3774,3774,https://api.tuforums.com/cdn/6b4a488d-b9ab-4518-a1e3-e5c604ea2b89
no_download,39188,3027,600,,600,600,
no_download,39409,3001,172,,172,172,
no_download,39460,3004,196,,196,196,
no_download,39470,3010,259,,259,259,
no_download,39472,3014,236,,236,236,
no_download,39474,3024,223,,223,223,
no_download,39475,2998,167,,167,167,
no_download,39476,2999,145,,145,145,
no_download,39477,3000,160,,160,160,
no_download,39478,3001,172,,172,172,
no_download,39479,3002,165,,165,165,
no_download,39480,3003,359,,359,359,
no_download,39483,3015,269,,269,269,
no_download,39487,2998,167,,167,167,
no_download,39516,3027,600,,600,600,
no_download,39536,6264,,,938,922,
no_download,39564,12657,,,792,758,removed
inexact,39586,1221,4921,15,4935,4935,https://api.tuforums.com/cdn/867790fd-cfba-404e-ad42-7f953129d27e
no_download,39640,3009,326,,326,326,
no_download,39643,3006,319,,319,319,
no_download,39645,3004,196,,196,196,
no_download,39647,3002,165,,165,165,
no_download,39648,3001,172,,172,172,
no_download,39649,3000,160,,160,160,
no_download,39650,2999,145,,145,145,
no_download,39651,2998,167,,167,167,
no_download,39722,5952,557,,557,557,
no_download,39726,5951,340,17,340,340,
no_download,39727,3014,236,,236,236,
no_download,39728,3015,269,,269,269,
no_download,39729,3019,424,,424,424,
no_download,39730,3020,404,,404,404,
no_download,39731,3010,259,,259,259,
no_download,39732,3008,433,,433,433,
no_download,39733,3007,283,,283,283,
no_download,39734,3005,318,,318,318,
no_download,39735,3003,359,,359,359,
inexact,39743,4325,387,3,382,382,https://api.tuforums.com/cdn/50f82cb4-85fe-4f82-90ab-0f3cc646373b
no_download,39780,12090,651,,651,651,
inexact,39934,1686,1500,44,1541,1541,https://api.tuforums.com/cdn/683e9ef1-d932-4fab-80d1-6dddd999e2d5
no_download,39977,3020,404,,404,404,
no_download,39990,3015,269,,269,269,
no_download,39991,3014,236,,236,236,
no_download,39993,3008,433,,433,433,
no_download,39995,3006,319,,319,319,
no_download,39997,3004,196,,196,196,
no_download,39998,3010,259,,259,259,
no_download,39999,3003,359,,359,359,
no_download,40000,3002,165,,165,165,
no_download,40003,2999,145,,145,145,
no_download,40004,2998,167,,167,167,
inexact,40048,11449,475,6,478,478,https://api.tuforums.com/cdn/db70e898-7a97-4150-8fe1-d1f5f01618e2
no_download,40107,2998,167,,167,167,
no_download,40157,3003,359,,359,359,
no_download,40158,3002,165,,165,165,
no_download,40159,3001,172,,172,172,
no_download,40186,5577,,,2381,2345,https://www.bilibili.com/video/BV1XF4m1V7if/?spm_id_from=333.999.0.0
inexact,40224,9850,385,1,390,390,https://api.tuforums.com/cdn/024716f7-1128-42b7-ad80-991fc9855605
no_download,40226,3000,160,,160,160,
no_download,40247,2999,145,,145,145,
no_download,40249,2998,167,,167,167,
inexact,40252,10898,237,5,1,1,https://api.tuforums.com/cdn/681a12e0-1c50-4720-a014-baafdcc396ed
inexact,40382,10214,27,2,28,28,https://api.tuforums.com/cdn/715b519e-4610-43da-b9a9-649e9db0d470
no_download,40723,3006,319,,319,319,
no_download,40727,3002,165,,165,165,
no_download,40728,3001,172,,172,172,
no_download,40729,3000,160,,160,160,
no_download,40730,2999,145,,145,145,
no_download,40731,2998,167,,167,167,
no_download,40733,2999,145,,1,1,
no_download,40802,3015,269,,269,269,
no_download,40833,3010,259,,259,259,
no_download,40836,3001,172,,1,1,
no_download,40840,2999,145,,1,1,
no_download,40849,2998,167,,1,1,
no_download,40867,3014,236,,236,236,
no_download,40870,3019,424,,424,424,
no_download,40875,5951,340,17,340,340,
no_download,40916,3032,680,,680,680,
no_download,40917,3031,673,,673,673,
no_download,40918,3027,600,,600,600,
no_download,40919,3030,1091,,1093,1093,
no_download,40920,3026,868,,868,868,
no_download,40921,3029,436,,436,436,
no_download,40922,3025,382,,382,382,
no_download,40923,3028,408,,408,408,
no_download,40924,3024,223,,223,223,
no_download,40925,3021,428,,428,428,
no_download,40926,3020,404,,404,404,
no_download,40927,5951,340,17,340,340,
no_download,40928,3018,454,,454,454,
no_download,40929,3023,296,,296,296,
no_download,40930,3017,415,,415,415,
no_download,40931,5952,557,,557,557,
no_download,40932,3019,424,,424,424,
no_download,40933,3016,431,,431,431,
no_download,40934,3015,269,,269,269,
no_download,40935,3014,236,,236,236,
no_download,40936,3010,259,,259,259,
no_download,40937,3009,326,,326,326,
no_download,40938,3008,433,,433,433,
no_download,40939,3007,283,,283,283,
no_download,40940,3006,319,,319,319,
no_download,40941,3005,318,,318,318,
no_download,40942,3004,196,,196,196,
no_download,40943,3003,359,,359,359,
no_download,40944,3002,165,,165,165,
no_download,40945,3001,172,,172,172,
no_download,40946,3000,160,,160,160,
no_download,40947,2999,145,,145,145,
no_download,40948,2998,167,,167,167,
no_download,40951,3001,172,,172,172,
no_download,40952,3000,160,,160,160,
no_download,40953,2999,145,,145,145,
no_download,40954,2998,167,,167,167,
no_download,40988,2998,167,,167,167,
no_download,41033,2999,145,,145,145,
no_download,41067,3010,259,,259,259,
inexact,41072,1280,2670,49,4751,4751,https://api.tuforums.com/cdn/6f0f2b12-28c6-456c-be9d-a62f12d0a622
inexact,41102,4325,387,3,382,382,https://api.tuforums.com/cdn/50f82cb4-85fe-4f82-90ab-0f3cc646373b
inexact,41109,4290,425,7,281,281,https://api.tuforums.com/cdn/3469fe39-ada1-4b0f-8790-85784f5f7042
no_download,41114,3002,165,,165,165,
inexact,41183,2789,2964,19,6685,6685,https://api.tuforums.com/cdn/2308c060-ddb2-4571-8a13-abd0b7247f3f
no_download,41192,3000,160,,160,160,
no_download,41217,2998,167,,167,167,
no_download,41233,3009,326,,326,326,
no_download,41256,3001,172,,172,172,
no_download,41257,3002,165,,175,175,
inexact,41416,512,3765,8,3774,3774,https://api.tuforums.com/cdn/6b4a488d-b9ab-4518-a1e3-e5c604ea2b89
no_download,41423,3001,172,,172,172,
no_download,41424,2998,167,,167,167,
no_download,41427,3020,404,,404,404,
no_download,41429,5951,340,17,340,340,
no_download,41554,3009,326,,1,1,
no_download,41555,3008,433,,1,1,
no_download,41556,3007,283,,1,1,
no_download,41557,3006,319,,1,1,
no_download,41558,3005,318,,1,1,
no_download,41559,3004,196,,1,1,
no_download,41560,3003,359,,1,1,
no_download,41561,3002,165,,1,1,
no_download,41562,3001,172,,1,1,
no_download,41563,3000,160,,1,1,
no_download,41564,2999,145,,1,1,
no_download,41565,2998,167,,1,1,
no_download,41636,10149,,,852,845,
no_download,41711,12090,651,,651,651,
no_download,41713,2998,167,,1,1,
inexact,41724,10804,762,2,765,765,https://api.tuforums.com/cdn/1dec99cf-045b-422c-9f38-a051b2bf1b01
no_download,41725,2998,167,,1,1,
no_download,41751,3001,172,,172,172,
inexact,41880,6337,4836,56,1,1,https://api.tuforums.com/cdn/6b371dbc-4629-46b8-8ebf-2b9e611bfe99
inexact,41922,6513,279,2,20260325,20260325,https://api.tuforums.com/cdn/40e7677f-3349-4551-983a-c4cf0629fc95
no_download,41932,3003,359,,1,1,
inexact,42020,3219,803,26,842,842,https://api.tuforums.com/cdn/42909c44-179b-4e3f-a907-76051544cd49
inexact,42023,3136,645,36,629,629,https://api.tuforums.com/cdn/885d4e71-3c61-4f6d-9ad9-89a362b87771
no_download,42029,3029,436,,436,436,
no_download,42030,3028,408,,408,408,
no_download,42031,3027,600,,600,600,
no_download,42032,3021,428,,428,428,
no_download,42033,3010,259,,259,259,
no_download,42080,5951,340,17,340,340,
no_download,42125,3014,236,,20260403,20260403,
no_download,42126,3015,269,,20260403,20260403,
no_download,42128,3016,431,,20260403,20260403,
no_download,42130,3019,424,,20260403,20260403,
no_download,42132,3017,415,,20260403,20260403,
no_download,42135,3023,296,,20260403,20260403,
no_download,42137,3018,454,,20260403,20260403,
no_download,42138,3010,259,,20260403,20260403,
no_download,42190,3011,815,,20260403,20260403,
no_download,42271,2961,,,2892,2868,
inexact,42330,10214,27,2,28,28,https://api.tuforums.com/cdn/715b519e-4610-43da-b9a9-649e9db0d470
inexact,42371,10214,27,2,25,25,https://api.tuforums.com/cdn/715b519e-4610-43da-b9a9-649e9db0d470
inexact,42388,10214,27,2,33,33,https://api.tuforums.com/cdn/715b519e-4610-43da-b9a9-649e9db0d470
inexact,42393,10214,27,2,28,28,https://api.tuforums.com/cdn/715b519e-4610-43da-b9a9-649e9db0d470
inexact,42394,10214,27,2,28,28,https://api.tuforums.com/cdn/715b519e-4610-43da-b9a9-649e9db0d470
inexact,42395,10214,27,2,24,24,https://api.tuforums.com/cdn/715b519e-4610-43da-b9a9-649e9db0d470
inexact,42397,10214,27,2,23,23,https://api.tuforums.com/cdn/715b519e-4610-43da-b9a9-649e9db0d470
inexact,42411,10214,27,2,20,20,https://api.tuforums.com/cdn/715b519e-4610-43da-b9a9-649e9db0d470
inexact,42413,10214,27,2,19,19,https://api.tuforums.com/cdn/715b519e-4610-43da-b9a9-649e9db0d470
inexact,42416,10214,27,2,26,26,https://api.tuforums.com/cdn/715b519e-4610-43da-b9a9-649e9db0d470
inexact,42417,10214,27,2,28,28,https://api.tuforums.com/cdn/715b519e-4610-43da-b9a9-649e9db0d470
inexact,42418,10214,27,2,30,30,https://api.tuforums.com/cdn/715b519e-4610-43da-b9a9-649e9db0d470
inexact,42420,10214,27,2,31,31,https://api.tuforums.com/cdn/715b519e-4610-43da-b9a9-649e9db0d470
inexact,42421,10214,27,2,31,31,https://api.tuforums.com/cdn/715b519e-4610-43da-b9a9-649e9db0d470
inexact,42422,10214,27,2,32,32,https://api.tuforums.com/cdn/715b519e-4610-43da-b9a9-649e9db0d470
inexact,42423,10214,27,2,33,33,https://api.tuforums.com/cdn/715b519e-4610-43da-b9a9-649e9db0d470
inexact,42424,10214,27,2,34,34,https://api.tuforums.com/cdn/715b519e-4610-43da-b9a9-649e9db0d470
inexact,42425,10214,27,2,34,34,https://api.tuforums.com/cdn/715b519e-4610-43da-b9a9-649e9db0d470
inexact,42426,10214,27,2,35,35,https://api.tuforums.com/cdn/715b519e-4610-43da-b9a9-649e9db0d470
inexact,42427,10214,27,2,35,35,https://api.tuforums.com/cdn/715b519e-4610-43da-b9a9-649e9db0d470
inexact,42428,10214,27,2,36,36,https://api.tuforums.com/cdn/715b519e-4610-43da-b9a9-649e9db0d470
inexact,42429,10214,27,2,37,37,https://api.tuforums.com/cdn/715b519e-4610-43da-b9a9-649e9db0d470
inexact,42430,10214,27,2,38,38,https://api.tuforums.com/cdn/715b519e-4610-43da-b9a9-649e9db0d470
inexact,42431,10214,27,2,39,39,https://api.tuforums.com/cdn/715b519e-4610-43da-b9a9-649e9db0d470
inexact,42462,10214,27,2,28,28,https://api.tuforums.com/cdn/715b519e-4610-43da-b9a9-649e9db0d470
no_download,42545,3000,160,,917813,917813,
inexact,42676,3090,1484,24,1925,1925,https://api.tuforums.com/cdn/25a5361c-74df-49cc-81ea-6d35bb8396ed
no_download,42688,1939,,,2660,2589,https://drive.google.com/drive/folders/1hLsnQPMCUnk59KUZDt1Ac14eQKagM6fm
no_download,42696,2998,167,,167,167,
no_download,42712,3009,326,,326,326,
no_download,42719,3005,318,,318,318,
no_download,42720,3004,196,,196,196,
no_download,42721,3003,359,,359,359,
no_download,42722,3002,165,,165,165,
no_download,42723,3001,172,,172,172,
no_download,42725,3000,160,,160,160,
no_download,42726,2999,145,,145,145,
inexact,42740,4170,2111,32,2961,2961,https://api.tuforums.com/cdn/3f88fc81-5e6f-4b41-9c86-d0198c3fd6f9
no_download,42742,3006,319,,319,319,
no_download,42744,3007,283,,283,283,
no_download,42745,3008,433,,433,433,
no_download,42746,3009,326,,326,326,
no_download,42747,3014,236,,236,236,
no_download,42748,3015,269,,269,269,
no_download,42749,3016,431,,431,431,
no_download,42750,3017,415,,415,415,
no_download,42751,3018,454,,454,454,
no_download,42752,3019,424,,424,424,
no_download,42753,3023,296,,296,296,
no_download,42755,2998,167,,167,167,
no_download,42822,3013,1324,,1324,1324,
inexact,42842,3136,645,36,629,629,https://api.tuforums.com/cdn/885d4e71-3c61-4f6d-9ad9-89a362b87771
no_download,42843,5952,557,,557,557,
no_download,42955,3003,359,,359,359,
ancient_5405,43049,11209,861,19,50,40,https://api.tuforums.com/cdn/ac902b17-d203-4689-bb8a-0b6f52afa521
no_download,43055,3013,1324,,1324,1324,
no_download,43056,3006,319,,319,319,
no_download,43103,3020,404,,404,404,
no_download,43129,3007,283,,283,283,
inexact,43174,13326,281,49,329,329,https://api.tuforums.com/cdn/133495ae-5adb-4f2b-971d-7b0aba827af3
no_download,43188,7332,,,2414,2340,https://drive.google.com/drive/folders/1MNDWg1r_ph2lwzcBNyhzdtiwWNJKJzLi?usp=sharing
inexact,43214,451,3157,9,3158,3158,https://api.tuforums.com/cdn/c7133285-b93a-4df8-b82c-0d08ef3892ee
inexact,43225,9850,385,1,390,390,https://api.tuforums.com/cdn/024716f7-1128-42b7-ad80-991fc9855605
no_download,43245,3011,815,,1,1,
no_download,43246,3012,487,,1,1,
no_download,43293,3014,236,,236,236,
no_download,43297,3005,318,,91,91,
inexact,43339,1684,2720,5,2726,2726,https://api.tuforums.com/cdn/20f04337-c18c-43ba-b38d-4e2b15f4f5c4
no_download,43475,3000,160,,2147483647,2147483647,
inexact,43592,13345,8,1,1,1,https://api.tuforums.com/cdn/bc9d88f6-0f88-4711-9909-5940ce00d813
no_download,43649,2999,145,,145,145,
no_download,43650,2998,167,,167,167,
no_download,43691,2998,167,,1,1,
inexact,43723,1280,2670,49,4751,4751,https://api.tuforums.com/cdn/6f0f2b12-28c6-456c-be9d-a62f12d0a622
no_download,43789,3005,318,,318,318,
inexact,43876,7301,1051,1,1050,1050,https://api.tuforums.com/cdn/21252bd5-2ec9-401f-875c-692a7a99460d
no_download,43881,2998,167,,167,167,
no_download,43882,2999,145,,145,145,
no_download,43883,3001,172,,172,172,
inexact,44050,1280,2670,49,4751,4751,https://api.tuforums.com/cdn/6f0f2b12-28c6-456c-be9d-a62f12d0a622
no_download,44085,7332,,,2414,2343,https://drive.google.com/drive/folders/1MNDWg1r_ph2lwzcBNyhzdtiwWNJKJzLi?usp=sharing
inexact,44103,1280,2670,49,4751,4751,https://api.tuforums.com/cdn/6f0f2b12-28c6-456c-be9d-a62f12d0a622
inexact,44116,6316,1773,4,1780,1780,https://api.tuforums.com/cdn/eb6534e7-0011-46e6-b6df-f85776979fd8
inexact,44218,1280,2670,49,4751,4751,https://api.tuforums.com/cdn/6f0f2b12-28c6-456c-be9d-a62f12d0a622
no_download,44249,6367,,,2679,2647,https://fixcdn.hyonsu.com/attachments/1212666371687579688/1285875477113864244/Crash-Landing_Rendezvous.zip
no_download,44437,3006,319,,319,319,
no_download,44438,3005,318,,318,318,
no_download,44439,3004,196,,196,196,
no_download,44440,3003,359,,359,359,
no_download,44441,3002,165,,165,165,
no_download,44442,3001,172,,172,172,
no_download,44444,3000,160,,160,160,
no_download,44445,2999,145,,145,145,
no_download,44446,2998,167,,167,167,
no_download,44512,3007,283,,283,283,
inexact,44681,4165,674,8,993,993,https://api.tuforums.com/cdn/b526361d-dd03-4a3b-a228-3e456f097914
no_download,44689,3002,165,,676767,676767,
inexact,44714,564,2425,22,10000000,10000000,https://api.tuforums.com/cdn/709e6b87-5b7b-441b-982f-2e15a50ba18c
inexact,44762,3042,726,3,1,1,https://api.tuforums.com/cdn/407330ad-6692-4696-b164-d762a44acc73
inexact,44792,10185,2329,31,824,824,https://api.tuforums.com/cdn/f663d904-31e8-48c4-86db-6309e3be5093
inexact,44827,512,3765,8,3775,3775,https://api.tuforums.com/cdn/6b4a488d-b9ab-4518-a1e3-e5c604ea2b89
no_download,44835,3010,259,,259,259,
inexact,44863,9680,924,8,817,817,https://api.tuforums.com/cdn/6f2135b5-2c9d-404b-b582-a8192344d38d
no_download,44873,7300,,,4422,4257,https://drive.google.com/file/d/1chTv5fqX70iwdegVObGDSru6WPK0iy_V/view?usp=sharing
no_download,44910,3015,269,,269,269,
no_download,44964,3011,815,,815,815,
no_download,44993,3008,433,,433,433,
no_download,45046,3017,415,,415,415,
no_download,45171,2998,167,,1,1,
no_download,45341,3004,196,,196,196,
no_download,45386,3023,296,,296,296,
no_download,45431,13706,160,,160,160,
no_download,45436,14231,1122,10,1122,1122,
no_download,45437,13706,160,,160,160,
no_download,45453,13706,160,,160,160,
no_download,45454,13706,160,,160,160,
no_download,45477,14230,476,,476,476,
no_download,45479,14231,1122,10,1122,1122,
no_download,45502,14231,1122,10,1122,1122,
no_download,45503,14230,476,,476,476,
no_download,45518,14230,476,,476,476,
no_download,45522,13706,160,,160,160,
no_download,45545,14230,476,,476,476,
no_download,45555,3013,1324,,1324,1324,
no_download,45569,14231,1122,10,1122,1122,
no_download,45589,2449,,,5643,5582,https://drive.google.com/drive/folders/15Ak0PrdQqVF_nwaC4HVkCR8wdqS6hkBn
no_download,45595,14231,1122,10,1122,1122,
no_download,45603,14231,1122,10,1122,1122,
no_download,45746,2998,167,,167,167,
no_download,45819,3023,296,,296,296,
no_download,45820,5952,557,,557,557,
no_download,45822,3018,454,,454,454,
no_download,45823,3006,319,,319,319,
no_download,45824,3019,424,,424,424,
no_download,45825,2998,167,,167,167,
no_download,45829,3003,359,,359,359,
no_download,45830,3002,165,,165,165,
no_download,45831,3001,172,,172,172,
no_download,45832,3000,160,,160,160,
no_download,45833,2999,145,,145,145,
no_download,45834,2998,167,,167,167,
ancient_5405,45894,13003,1759,36,50,40,https://api.tuforums.com/cdn/9b62bf1e-d884-433e-ad8f-23840c08be7d
no_download,45931,3008,433,,433,433,
inexact,45956,500,3204,4,2147483647,2147483647,https://api.tuforums.com/cdn/3557e02f-4508-46dd-9212-668d796f89b9
no_download,46013,3002,165,,165,165,
no_download,46014,3001,172,,172,172,
no_download,46016,3000,160,,160,160,
no_download,46018,2999,145,,145,145,
no_download,46019,2998,167,,167,167,
no_download,46037,3008,433,,433,433,
no_download,46045,3004,196,,196,196,
no_download,46064,3009,326,,326,326,
no_download,46065,3008,433,,433,433,
no_download,46066,3007,283,,283,283,
no_download,46067,3006,319,,319,319,
no_download,46068,3005,318,,318,318,
no_download,46069,3004,196,,196,196,
no_download,46070,3009,326,,326,326,
no_download,46071,3024,223,,223,223,
no_download,46072,3014,236,,236,236,
no_download,46073,3015,269,,269,269,
no_download,46074,3016,431,,431,431,
no_download,46075,3023,296,,296,296,
no_download,46082,3009,326,,326,326,
no_download,46083,3017,415,,415,415,
no_download,46115,3014,236,,236,236,
no_download,46116,5951,340,17,340,340,
inexact,46119,13987,978,3,979,979,https://api.tuforums.com/cdn/0591c1b5-4f41-4abd-a1a9-628febcdb92a
no_download,46142,14230,476,,476,476,
inexact,46145,1280,2670,49,333666999,333666999,https://api.tuforums.com/cdn/6f0f2b12-28c6-456c-be9d-a62f12d0a622
no_download,46167,3001,172,,9,9,
no_download,46168,3000,160,,9,9,
no_download,46170,2999,145,,9,9,
no_download,46171,3004,196,,9,9,
no_download,46172,3024,223,,223,223,
no_download,46173,3027,600,,600,600,
no_download,46174,3021,428,,428,428,
no_download,46176,3010,259,,259,259,
no_download,46256,3012,487,,487,487,
no_download,46281,14231,1122,10,1122,1122,
no_download,46284,4506,,,1197,1197,
no_download,46301,3019,424,,424,424,
no_download,46314,14230,476,,476,476,
inexact,46366,14327,349,4,1,1,https://api.tuforums.com/cdn/4e431900-bd46-47a5-825b-f78d95efee98
inexact,46367,14252,348,1,1,1,https://api.tuforums.com/cdn/9f705f8d-3692-404f-8fbe-a8b41f07ad75
no_download,46376,3015,269,,269,269,
no_download,46377,3014,236,,236,236,
no_download,46426,14231,1122,10,1122,1122,
no_download,46451,14230,476,,476,476,
no_download,46471,14230,476,,476,476,
ancient_5405,46477,14561,2152,59,50,40,https://api.tuforums.com/cdn/1d1abe75-37c5-4324-8e40-26ea621ff227
ancient_5405,46478,14561,2152,59,50,40,https://api.tuforums.com/cdn/1d1abe75-37c5-4324-8e40-26ea621ff227
ancient_5405,46479,14561,2152,59,50,40,https://api.tuforums.com/cdn/1d1abe75-37c5-4324-8e40-26ea621ff227
ancient_5405,46480,14561,2152,59,50,40,https://api.tuforums.com/cdn/1d1abe75-37c5-4324-8e40-26ea621ff227
ancient_5405,46481,8981,2459,28,50,40,https://api.tuforums.com/cdn/2465ffb8-6bf9-4513-bb1a-d4db7d5e98e4
no_download,46493,14230,476,,476,476,
no_download,46509,14230,476,,476,476,
no_download,46542,14231,1122,10,1122,1122,
inexact,46549,12346,2777,20,1,1,https://api.tuforums.com/cdn/e7782c72-2f61-4945-a565-2dcc489a3a22
no_download,46605,14231,1122,10,1122,1122,
no_download,46625,3019,424,,424,424,
inexact,46631,3639,1027,30,1,1,https://api.tuforums.com/cdn/5f16d90d-a75a-4fad-8f1d-dce8d7aa9602
no_download,46643,13706,160,,160,160,
inexact,46647,10892,641,3,114514,114514,https://api.tuforums.com/cdn/774af98e-445e-4936-a2ca-12a72c6f13f9
inexact,46690,14157,64,1,67,67,https://api.tuforums.com/cdn/80a6c925-cdfb-4456-8599-98d17adf8993
no_download,46825,3011,815,,815,815,
no_download,46861,2998,167,,167,167,
no_download,46862,13706,160,,160,160,
no_download,46863,3002,165,,165,165,
no_download,46882,2998,167,,167,167,
no_download,46883,3002,165,,165,165,
no_download,46884,3003,359,,359,359,
no_download,46897,14230,476,,476,476,
no_download,46905,14231,1122,10,1122,1122,
no_download,46912,14230,476,,476,476,
no_download,46931,14230,476,,476,476,
no_download,46977,14231,1122,10,1122,1122,
inexact,46986,853,1495,31,1,1,https://api.tuforums.com/cdn/9430797d-caad-4638-9db5-3b9f4770bb67
no_download,46993,3023,296,,296,296,
no_download,47074,14231,1122,10,1122,1122,
no_download,47134,3010,259,,259,259,
no_download,47139,14231,1122,10,1122,1122,
no_download,47140,14230,476,,476,476,
inexact,47159,12903,490,1,493,493,https://api.tuforums.com/cdn/e9b4ccee-bbf2-40da-9ef1-3ec5056c2620
inexact,47161,12419,1059,224,1281,1281,https://api.tuforums.com/cdn/9dd34577-3a68-410f-8dba-babd1e352a96
no_download,47170,3024,223,,223,223,
inexact,47202,10804,762,2,684,684,https://api.tuforums.com/cdn/1dec99cf-045b-422c-9f38-a051b2bf1b01
no_download,47227,13706,160,,160,160,
no_download,47248,14231,1122,10,1122,1122,
no_download,47249,14230,476,,476,476,
no_download,47250,14231,1122,10,1122,1122,
no_download,47268,14231,1122,10,1122,1122,
no_download,47277,3001,172,,1,1,
no_download,47278,2999,145,,1,1,
no_download,47279,2998,167,,1,1,
inexact,47445,7567,1802,32,1,1,https://api.tuforums.com/cdn/bf18b2ec-9f48-43ef-842e-de55d939031b
no_download,47502,3013,1324,,1324,1324,
no_download,47506,3019,424,,1,1,
no_download,47507,3004,196,,1,1,
no_download,47508,3002,165,,1,1,
no_download,47509,13706,160,,1,1,
inexact,47516,16193,614,90,631,631,https://api.tuforums.com/cdn/ddaed543-4c9f-4835-a76e-09cb62abf871
inexact,47530,8452,2109,2,114514,114514,https://api.tuforums.com/cdn/cda1f9b0-df00-4e08-b331-b2045486582e
no_download,47542,7332,,,2414,2370,https://drive.google.com/drive/folders/1MNDWg1r_ph2lwzcBNyhzdtiwWNJKJzLi?usp=sharing
no_download,47598,14231,1122,10,1122,1122,
no_download,47604,3027,600,,600,600,
no_download,47606,3017,415,,415,415,
no_download,47607,3010,259,,259,259,
no_download,47616,2998,167,,167,167,
no_download,47618,3007,283,,283,283,
no_download,47619,3008,433,,433,433,
no_download,47626,14231,1122,10,1122,1122,
no_download,47634,3003,359,,1,1,
inexact,47636,3105,279,2,1,1,https://api.tuforums.com/cdn/b76a29bd-31bc-4fec-bac8-9968ecc43557
no_download,47702,5952,557,,557,557,
no_download,47707,3025,382,,382,382,
no_download,47714,2998,167,,167,167,
inexact,47728,500,3204,4,114514,114514,https://api.tuforums.com/cdn/3557e02f-4508-46dd-9212-668d796f89b9
no_download,47732,3004,196,,196,196,
no_download,47733,3002,165,,165,165,
inexact,47746,1280,2670,49,350234,350234,https://api.tuforums.com/cdn/6f0f2b12-28c6-456c-be9d-a62f12d0a622
no_download,47790,9817,,,3544,3426,https://drive.google.com/file/d/1L3B03JHmfmjo1fgq4LHgVijD85Pw60jY/view?usp=drive_link
no_download,47796,3023,296,,296,296,
no_download,47816,3010,259,,259,259,
no_download,47836,2999,145,,145,145,
no_download,47837,2998,167,,167,167,
no_download,47845,13706,160,,160,160,
no_download,47856,14230,476,,1,1,
no_download,47859,3001,172,,172,172,
no_download,47870,3002,165,,165,165,
no_download,47946,14231,1122,10,1122,1122,
inexact,47948,14807,811,153,960,960,https://api.tuforums.com/cdn/a23c69e1-6871-47d4-b95d-0bf9fe2a4855
inexact,47958,14807,811,153,960,960,https://api.tuforums.com/cdn/a23c69e1-6871-47d4-b95d-0bf9fe2a4855
no_download,47981,2998,167,,167,167,
inexact,48028,327,2080,114,1234,1234,https://api.tuforums.com/cdn/10369f30-75c7-4b80-9b35-f0836c22dac0
no_download,48035,3026,868,,868,868,
no_download,48036,3027,600,,600,600,
inexact,48046,1684,2720,5,2726,2726,https://api.tuforums.com/cdn/20f04337-c18c-43ba-b38d-4e2b15f4f5c4
inexact,48163,5851,3298,56,3323,3323,https://api.tuforums.com/cdn/bb5bb68a-1af4-4a06-ab22-be94102ec771
no_download,48240,13706,160,,160,160,
no_download,48241,14231,1122,10,1122,1122,
no_download,48262,3001,172,,172,172,
no_download,48263,13706,160,,160,160,
no_download,48264,2999,145,,145,145,
no_download,48265,2998,167,,167,167,
no_download,48315,3001,172,,172,172,
no_download,48336,3004,196,,196,196,
no_download,48340,14231,1122,10,1122,1122,
no_download,48359,3003,359,,359,359,
no_download,48361,3000,160,,160,160,
no_download,48382,3002,165,,165,165,
no_download,48383,3003,359,,359,359,
no_download,48384,3005,318,,318,318,
no_download,48385,3006,319,,319,319,
no_download,48386,3007,283,,283,283,
no_download,48387,3008,433,,433,433,
no_download,48388,3009,326,,326,326,
no_download,48389,3014,236,,236,236,
no_download,48390,3015,269,,269,269,
inexact,48421,5573,1765,1,1,1,https://api.tuforums.com/cdn/4f8452ba-d3f4-4b61-beef-e3712455e8c5
inexact,48425,4560,217,16,1,1,https://api.tuforums.com/cdn/57199b7f-5167-4e73-90e6-25577d5cbf4e
inexact,48427,4391,276,3,1,1,https://api.tuforums.com/cdn/5d49442e-3086-4383-9847-c053591cbfe5
inexact,48428,4342,198,1,1,1,https://api.tuforums.com/cdn/2ceaf81a-8abb-44db-aadd-72b9593fc86c
inexact,48429,4271,123,4,1,1,https://api.tuforums.com/cdn/fbff13cb-c262-4a42-9ffb-dbb6cc9a338c
no_download,48436,3004,196,,196,196,
no_download,48446,3002,165,,165,165,
inexact,48457,14237,216,1,1,1,https://api.tuforums.com/cdn/a6225e7d-ff53-4721-af17-3ef314584b69
inexact,48458,14087,54,10,1,1,https://api.tuforums.com/cdn/ddb8ab07-b2b8-461c-943a-eab89c628def
inexact,48467,12772,176,3,1,1,https://api.tuforums.com/cdn/9d7dd302-845b-452d-bef2-ee112afb5200
inexact,48470,11939,114,2,1,1,https://api.tuforums.com/cdn/0752cc79-bc62-438c-80c5-473d0ec31396
inexact,48477,10552,214,21,1,1,https://api.tuforums.com/cdn/4108085d-ab35-4389-958b-442d1dcc5fbb
inexact,48479,10276,239,60,1,1,https://api.tuforums.com/cdn/c0e1942a-7ad0-4093-adf7-bd11098a90a2
inexact,48484,8876,220,34,1,1,https://api.tuforums.com/cdn/c2f02013-442b-453f-b847-a010a0f34f7b
inexact,48487,7131,104,5,1,1,https://api.tuforums.com/cdn/c29a95c4-e046-4334-b57d-fab30965f286
inexact,48488,7106,96,1,1,1,https://api.tuforums.com/cdn/46ea59db-e829-470d-9e95-67facf3d46d1
inexact,48490,6939,224,5,1,1,https://api.tuforums.com/cdn/d07f8216-fe81-4837-9293-3bec4b41a03e
inexact,48495,5495,97,2,1,1,https://api.tuforums.com/cdn/f9ab1a02-2c79-4630-b674-ffa34d372c4d
inexact,48497,5210,13,1,1,1,https://api.tuforums.com/cdn/10966bb0-1f0b-4cd0-a4f5-140ed7d95164
inexact,48498,5190,83,1,1,1,https://api.tuforums.com/cdn/e8e035cd-da96-412e-8edb-396fcf96bf21
no_download,48509,3023,296,,296,296,
no_download,48566,3001,172,,172,172,
no_download,48567,2999,145,,145,145,
no_download,48568,2998,167,,167,167,
no_download,48570,3017,415,,415,415,
no_download,48579,3019,424,,424,424,
no_download,48581,3016,431,,431,431,
no_download,48595,14230,476,,476,476,
inexact,48643,2638,2338,59,114514,114514,https://api.tuforums.com/cdn/3ee66732-6f47-4f99-b675-36ac6a76b497
inexact,48644,972,2500,8,123,123,https://api.tuforums.com/cdn/dbc91574-7dc1-434e-99e1-72b4c6180890
inexact,48645,1280,2670,49,114514,114514,https://api.tuforums.com/cdn/6f0f2b12-28c6-456c-be9d-a62f12d0a622
no_download,48661,13706,160,,1,1,
no_download,48664,3018,454,,454,454,
no_download,48665,5951,340,17,340,340,
no_download,48672,14230,476,,476,476,
no_download,48755,3019,424,,424,424,
inexact,48773,6993,2891,22,9,9,https://api.tuforums.com/cdn/656f0595-a6d9-4727-b2bf-6157b6f9d957
no_download,48803,3013,1324,,1324,1324,
no_download,48804,3012,487,,487,487,
no_download,48805,3011,815,,815,815,
no_download,48809,3013,1324,,1324,1324,
no_download,48838,3008,433,,433,433,
inexact,48848,14919,3658,8,91,91,https://api.tuforums.com/cdn/25941f7f-c4fe-4320-af93-a50e0ae75d18
inexact,48862,8452,2109,2,1,1,https://api.tuforums.com/cdn/cda1f9b0-df00-4e08-b331-b2045486582e
inexact,48863,4045,122,25,99999,99999,https://api.tuforums.com/cdn/e4f08755-d2ae-4085-bad9-7ccca7f72946
no_download,48876,3010,259,,259,259,
no_download,48884,3009,326,,326,326,
no_download,48893,3000,160,,160,160,
no_download,48894,2999,145,,145,145,
no_download,48895,2998,167,,167,167,
no_download,48931,3001,172,,172,172,
no_download,48951,5952,557,,557,557,
no_download,48963,2998,167,,167,167,
no_download,48973,5952,557,,557,557,
no_download,48996,3015,269,,269,269,
no_download,49033,13706,160,,160,160,
no_download,49035,3002,165,,165,165,
no_download,49038,3001,172,,172,172,
no_download,49039,13706,160,,160,160,
no_download,49040,2999,145,,145,145,
no_download,49050,5951,340,17,340,340,
no_download,49051,3002,165,,165,165,
no_download,49052,3003,359,,359,359,
no_download,49082,3003,359,,359,359,
no_download,49083,3002,165,,165,165,
no_download,49094,3007,283,,283,283,
no_download,49095,3006,319,,319,319,
no_download,49096,3005,318,,318,318,
no_download,49097,3004,196,,196,196,
no_download,49100,3010,259,,259,259,
no_download,49101,3014,236,,1,1,
no_download,49102,5951,340,17,1,1,
no_download,49105,3003,359,,359,359,
no_download,49117,7332,,,2414,2371,https://drive.google.com/drive/folders/1MNDWg1r_ph2lwzcBNyhzdtiwWNJKJzLi?usp=sharing
no_download,49189,3010,259,,259,259,
no_download,49190,5951,340,17,340,340,
no_download,49191,3014,236,,236,236,
no_download,49192,3023,296,,296,296,
no_download,49193,3016,431,,431,431,
no_download,49194,3019,424,,424,424,
no_download,49195,14230,476,,476,476,
no_download,49196,3009,326,,326,326,
no_download,49197,3008,433,,433,433,
no_download,49198,3007,283,,283,283,
no_download,49199,3006,319,,319,319,
no_download,49200,3005,318,,318,318,
no_download,49201,3004,196,,196,196,
no_download,49202,3003,359,,359,359,
no_download,49203,3002,165,,165,165,
no_download,49204,3001,172,,172,172,
no_download,49205,13706,160,,160,160,
no_download,49206,2999,145,,145,145,
no_download,49207,2998,167,,167,167,
no_download,49236,14230,476,,476,476,
no_download,49237,3012,487,,487,487,
no_download,49312,13706,160,,160,160,
no_download,49313,2999,145,,145,145,
no_download,49314,2998,167,,167,167,
no_download,49389,3008,433,,433,433,
no_download,49408,3002,165,,165,165,
no_download,49409,3001,172,,172,172,
no_download,49430,13706,160,,160,160,
no_download,49513,5951,340,17,340,340,
no_download,49522,3009,326,,326,326,
no_download,49540,3023,296,,1,1,
no_download,49625,3015,269,,269,269,
no_download,49627,14230,476,,476,476,
no_download,49697,13706,160,,160,160,
no_download,49705,3022,679,,679,679,
no_download,49706,3012,487,,487,487,
no_download,49707,3011,815,,815,815,
no_download,49731,5952,557,,557,557,
no_download,49800,3020,404,,404,404,
no_download,49803,5951,340,17,340,340,
no_download,49806,3019,424,,424,424,
inexact,49842,186,1333,128,878787,878787,https://api.tuforums.com/cdn/6ab1dfa8-5158-4153-8c4a-7f418b3f4d87
inexact,49857,7008,1865,9,1716,1716,https://api.tuforums.com/cdn/654510e5-c94f-4c81-8425-8b0f4bb6a7ee
no_download,49898,3011,815,,815,815,
no_download,49927,3001,172,,172,172,
no_download,49928,13706,160,,160,160,
no_download,49930,2999,145,,145,145,
no_download,49932,2998,167,,167,167,
inexact,49960,7594,1922,107,2026,2026,https://api.tuforums.com/cdn/1490836f-d7da-45f4-b447-f5b7bcc8b477
no_download,49975,3001,172,,172,172,
no_download,49989,5951,340,17,340,340,
no_download,49990,3004,196,,196,196,
inexact,50014,4913,3854,179,114514,114514,https://api.tuforums.com/cdn/e4011074-447a-4a1c-b0f2-521b8a9613e2
no_download,50051,3019,424,,424,424,
no_download,50052,3016,431,,431,431,
no_download,50053,3015,269,,269,269,
no_download,50054,3014,236,,236,236,
no_download,50059,3002,165,,165,165,
no_download,50064,3022,679,,679,679,
no_download,50065,3017,415,,415,415,
no_download,50066,3023,296,,296,296,
no_download,50067,3018,454,,454,454,
no_download,50068,5951,340,17,340,340,
no_download,50072,3009,326,,326,326,
no_download,50073,3008,433,,433,433,
no_download,50074,3007,283,,283,283,
no_download,50075,3006,319,,319,319,
no_download,50076,3005,318,,318,318,
no_download,50077,3004,196,,196,196,
no_download,50078,3010,259,,259,259,
no_download,50080,3003,359,,359,359,
no_download,50081,3002,165,,165,165,
no_download,50082,3001,172,,172,172,
no_download,50083,3000,160,,160,160,
no_download,50084,2998,167,,167,167,
no_download,50085,2999,145,,145,145,
no_download,50145,14230,476,,476,476,
inexact,50152,500,3204,4,999,999,https://api.tuforums.com/cdn/3557e02f-4508-46dd-9212-668d796f89b9
no_download,50163,3011,815,,815,815,
no_download,50167,3002,165,,165,165,
no_download,50249,3032,680,,1,1,
no_download,50291,14230,476,,476,476,
no_download,50336,14231,1122,10,1122,1122,
no_download,50369,3008,433,,433,433,
inexact,50410,14608,2098,16,1,1,https://api.tuforums.com/cdn/1fd822dc-c464-4dc2-9f86-389d20ab78a5
no_download,50444,3009,326,,326,326,
no_download,50465,3020,404,,404,404,
inexact,50586,13003,1759,36,917813,917813,https://api.tuforums.com/cdn/9b62bf1e-d884-433e-ad8f-23840c08be7d
no_download,50601,14230,476,,476,476,
no_download,50686,14231,1122,10,1122,1122,
inexact,50741,10175,621,63,20260704,20260704,https://api.tuforums.com/cdn/24c2f54b-8c30-4189-a5bb-5fb3e8a7a769
inexact,50769,6347,1461,9,1370,1370,https://api.tuforums.com/cdn/1243121a-09fc-423b-a0d2-76316489cfec
no_download,50822,3005,318,,318,318,
inexact,50932,13938,1570,21,1592,1592,https://api.tuforums.com/cdn/bd2ac7f4-b06d-4fc9-9256-a130e11b85af
no_download,50946,3019,424,,424,424,
no_download,50954,3015,269,,269,269,
no_download,50978,5951,340,17,340,340,
no_download,50991,3010,259,,259,259,
no_download,51004,3013,1324,,1324,1324,
inexact,51072,5210,13,1,9,9,https://api.tuforums.com/cdn/10966bb0-1f0b-4cd0-a4f5-140ed7d95164
no_download,51242,3001,172,,172,172,
no_download,51249,3001,172,,172,172,
no_download,51302,2998,167,,167,167,
no_download,51303,2999,145,,145,145,
no_download,51305,13706,160,,160,160,
no_download,51306,3001,172,,172,172,
no_download,51310,3002,165,,165,165,
no_download,51311,3003,359,,359,359,
no_download,51312,3004,196,,196,196,
no_download,51337,3001,172,,172,172,
no_download,51340,2998,167,,167,167,
no_download,51366,3015,269,,269,269,
no_download,51368,3017,415,,415,415,
no_download,51369,3018,454,,454,454,
no_download,51370,5952,557,,557,557,
inexact,51423,3257,1242,23,1,1,https://api.tuforums.com/cdn/e197409d-69c0-4988-a34e-f4dfed9d7ac6
inexact,51424,12310,3177,37,3167,3167,https://api.tuforums.com/cdn/170e5064-fabe-4b1b-b115-e6df3fabdd28
inexact,51435,12149,998,8,1,1,https://api.tuforums.com/cdn/d25fa2be-d6ad-4035-bf55-9a52f2e5e3ff
no_download,51443,2998,167,,167,167,
no_download,51451,725,,,3439,3420,
no_download,51514,3001,172,,172,172,
no_download,51520,2999,145,,145,145,
no_download,51526,2998,167,,167,167,
no_download,51544,2999,145,,145,145,
no_download,51548,3000,160,,160,160,
no_download,51550,13706,160,,160,160,
no_download,51554,3010,259,,259,259,
no_download,51583,14231,1122,10,1122,1122,
no_download,51638,3018,454,,454,454,
no_download,51658,2998,167,,1,1,
no_download,51659,2999,145,,145,145,
no_download,51660,3001,172,,1,1,
inexact,51662,5210,13,1,1,1,https://api.tuforums.com/cdn/10966bb0-1f0b-4cd0-a4f5-140ed7d95164
inexact,51663,4271,123,4,1,1,https://api.tuforums.com/cdn/fbff13cb-c262-4a42-9ffb-dbb6cc9a338c
inexact,51668,7106,96,1,1,1,https://api.tuforums.com/cdn/46ea59db-e829-470d-9e95-67facf3d46d1
inexact,51669,4342,198,1,1,1,https://api.tuforums.com/cdn/2ceaf81a-8abb-44db-aadd-72b9593fc86c
inexact,51672,10276,239,60,1,1,https://api.tuforums.com/cdn/c0e1942a-7ad0-4093-adf7-bd11098a90a2
inexact,51676,5495,97,2,1,1,https://api.tuforums.com/cdn/f9ab1a02-2c79-4630-b674-ffa34d372c4d
inexact,51680,4560,217,16,1,1,https://api.tuforums.com/cdn/57199b7f-5167-4e73-90e6-25577d5cbf4e
inexact,51682,7131,104,5,1,1,https://api.tuforums.com/cdn/c29a95c4-e046-4334-b57d-fab30965f286
inexact,51724,13626,652,156,741,741,https://api.tuforums.com/cdn/0248d498-316d-45fb-a837-c26683c6c4fe
no_download,51769,3009,326,,326,326,
no_download,51770,3008,433,,433,433,
no_download,51771,3007,283,,283,283,
no_download,51772,3006,319,,319,319,
no_download,51773,3004,196,,196,196,
no_download,51774,3001,172,,172,172,
no_download,51775,3005,318,,318,318,
no_download,51776,3003,359,,359,359,
no_download,51777,3002,165,,165,165,
no_download,51819,3017,415,,415,415,
no_download,51820,5951,340,17,340,340,
no_download,51821,3014,236,,236,236,
no_download,51833,13706,160,,160,160,
no_download,51834,3002,165,,165,165,
no_download,51835,3003,359,,359,359,
no_download,51836,3010,259,,259,259,
no_download,51903,3016,431,,431,431,
inexact,52034,5,3585,11,2021,2021,https://api.tuforums.com/cdn/aae09e6b-d8fd-469a-8431-2cbc27446e59
inexact,52054,2368,2208,1,982309823,982309823,https://api.tuforums.com/cdn/180f185c-9b8d-4610-bfa6-bd804b3b5d7f
inexact,52073,2309,2976,4,872139823,872139823,https://api.tuforums.com/cdn/f43b3e29-3771-4612-830c-3cc2d22ee506
no_download,52075,3001,172,,172,172,
no_download,52079,13706,160,,160,160,
no_download,52096,2999,145,,145,145,
no_download,52100,2998,167,,167,167,
no_download,52121,3010,259,,259,259,
no_download,52262,3003,359,,359,359,
inexact,52280,15291,3974,16,3879,3879,https://api.tuforums.com/cdn/10c38152-418a-473f-98ef-9e78d84507ce
no_download,52300,3002,165,,165,165,
no_download,52301,3000,160,,160,160,
no_download,52304,2998,167,,167,167,
no_download,52331,3030,1091,,1093,1093,
no_download,52332,12090,651,,651,651,
no_download,52333,3022,679,,679,679,
no_download,52334,3013,1324,,1324,1324,
inexact,52366,3062,951,3,1,1,https://api.tuforums.com/cdn/b056763b-28a4-47d5-ac90-069559399347
no_download,52423,2998,167,,167,167,
no_download,52424,2999,145,,145,145,
no_download,52425,3001,172,,172,172,
inexact,52452,7131,104,5,93,93,https://api.tuforums.com/cdn/c29a95c4-e046-4334-b57d-fab30965f286
no_download,52490,5951,340,17,340,340,
no_download,52523,3019,424,,424,424,
no_download,52526,3014,236,,236,236,
no_download,52527,3017,415,,415,415,
no_download,52531,5951,340,17,340,340,
no_download,52536,13706,160,,160,160,
inexact,52555,14550,979,11,684,684,https://api.tuforums.com/cdn/e4dbe280-31b0-4f72-9c2c-918fb8df0812
inexact,52558,6328,506,6,498,498,https://api.tuforums.com/cdn/9f783ddf-df8a-41dc-86aa-63c6949e2e46
no_download,52562,3013,1324,,1,1,
inexact,52575,6513,279,2,2147483647,2147483647,https://api.tuforums.com/cdn/40e7677f-3349-4551-983a-c4cf0629fc95
no_download,52598,2998,167,,167,167,
no_download,52601,2999,145,,145,145,
no_download,52603,13706,160,,160,160,
inexact,52606,14759,553,37,589,589,https://api.tuforums.com/cdn/eb048e18-1414-440f-82bb-1400be42a5d3
inexact,52609,1279,4702,49,727,727,https://api.tuforums.com/cdn/90a7c1f3-8d22-4dfa-ac9c-4c5c98208316
inexact,52615,1280,2670,49,1,1,https://api.tuforums.com/cdn/6f0f2b12-28c6-456c-be9d-a62f12d0a622
inexact,52623,1280,2670,49,1,1,https://api.tuforums.com/cdn/6f0f2b12-28c6-456c-be9d-a62f12d0a622
no_download,52624,3019,424,,1,1,
inexact,52633,3610,1770,4,114514,114514,https://api.tuforums.com/cdn/6633faf6-55e9-4abe-89b1-3e1b7da34cb7
no_download,52706,14722,,,448,438,removed
inexact,52836,10899,419,165,1,1,https://api.tuforums.com/cdn/5d0f1160-13c6-4c16-beb6-8b200bed78f6
inexact,52840,5190,83,1,1,1,https://api.tuforums.com/cdn/e8e035cd-da96-412e-8edb-396fcf96bf21
inexact,52842,13246,378,108,1,1,https://api.tuforums.com/cdn/3bdedf58-f168-4ee9-8541-70590b7c1275
inexact,52937,15291,3974,16,3768,3768,https://api.tuforums.com/cdn/10c38152-418a-473f-98ef-9e78d84507ce
no_download,52997,3011,815,,1,1,
inexact,53021,5851,3298,56,1,1,https://api.tuforums.com/cdn/bb5bb68a-1af4-4a06-ab22-be94102ec771
no_download,53106,2998,167,,167,167,
no_download,53118,2999,145,,145,145,
inexact,53127,7083,1226,47,1,1,https://api.tuforums.com/cdn/c38ae57e-e58b-470a-939d-02ed3c4fddce
no_download,53144,3001,172,,172,172,
no_download,53145,13706,160,,160,160,
no_download,53147,2998,167,,167,167,
no_download,53168,14231,1122,10,1122,1122,
no_download,53178,15502,605,4,605,605,
no_download,53179,15502,605,4,1,1,
no_download,53182,15502,605,4,605,605,
no_download,53196,15502,605,4,605,605,
no_download,53198,3007,283,,283,283,
no_download,53211,3002,165,,165,165,
no_download,53212,3002,165,,165,165,
no_download,53227,3001,172,,172,172,
no_download,53257,3014,236,,236,236,
no_download,53264,12090,651,,651,651,
no_download,53276,15502,605,4,605,605,
no_download,53278,15502,605,4,1,1,
no_download,53302,3002,165,,1,1,
no_download,53303,3011,815,,815,815,
inexact,53308,8327,63,6,66,66,https://api.tuforums.com/cdn/acd1fc65-0c92-40ee-b139-734615527ce2
no_download,53313,3009,326,,326,326,
no_download,53316,3003,359,,359,359,
no_download,53318,3002,165,,165,165,
no_download,53319,2998,167,,167,167,
inexact,53327,500,3204,4,999,999,https://api.tuforums.com/cdn/3557e02f-4508-46dd-9212-668d796f89b9
inexact,53335,12921,2095,106,1,1,https://api.tuforums.com/cdn/bc5d1f50-43b9-499a-a50d-4e401dd1a6b9
no_download,53337,15502,605,4,605,605,
no_download,53397,2998,167,,167,167,
no_download,53442,14230,476,,476,476,
no_download,53458,14230,476,,476,476,
no_download,53481,3002,165,,165,165,
no_download,53505,15502,605,4,605,605,
inexact,53509,12512,3254,89,3282,3282,https://api.tuforums.com/cdn/11c0dc53-412d-4d6d-92cc-90e7e4955628
no_download,53516,3004,196,,196,196,
inexact,53570,14157,64,1,1,1,https://api.tuforums.com/cdn/80a6c925-cdfb-4456-8599-98d17adf8993
inexact,53571,4337,64,1,1,1,https://api.tuforums.com/cdn/67625415-fd11-483c-8c25-a880940367d0
inexact,53573,4045,122,25,1,1,https://api.tuforums.com/cdn/e4f08755-d2ae-4085-bad9-7ccca7f72946
no_download,53574,15502,605,4,1,1,
no_download,53653,11100,,,663,641,https://wwjq.lanzouo.com/iWXqr39siy8b
inexact,53676,9850,385,1,390,390,https://api.tuforums.com/cdn/024716f7-1128-42b7-ad80-991fc9855605
inexact,53708,13682,716,1,1,1,https://api.tuforums.com/cdn/8d7f9c90-90c6-45f5-bc85-680dc48bdd56
no_download,53714,15502,605,4,605,605,
no_download,53715,13706,160,,160,160,
no_download,53789,3022,679,,679,679,
no_download,53791,3011,815,,815,815,
no_download,53792,3010,259,,259,259,
no_download,53794,3008,433,,433,433,
no_download,53795,3009,326,,326,326,
no_download,53796,3003,359,,359,359,
no_download,53798,3002,165,,165,165,
no_download,53800,2998,167,,167,167,
no_download,53801,14231,1122,10,1122,1122,
no_download,53868,15502,605,4,605,605,
no_download,53881,2998,167,,167,167,
no_download,53883,2999,145,,145,145,
no_download,53884,13706,160,,160,160,
no_download,53885,3001,172,,172,172,
no_download,53889,3002,165,,165,165,
no_download,53890,3003,359,,359,359,
no_download,53894,3002,165,,165,165,
no_download,53966,14230,476,,476,476,
no_download,53976,3004,196,,196,196,
no_download,53979,3006,319,,319,319,
no_download,54017,3011,815,,815,815,
inexact,54035,3042,726,3,1,1,https://api.tuforums.com/cdn/407330ad-6692-4696-b164-d762a44acc73
inexact,54061,6061,419,111,502,502,https://api.tuforums.com/cdn/79f82edd-872c-423c-8f70-c3ee30503447
no_download,54134,2998,167,,167,167,
no_download,54142,15502,605,4,605,605,
no_download,54146,15502,605,4,605,605,
no_download,54165,12090,651,,651,651,
no_download,54177,3002,165,,165,165,
no_download,54178,13706,160,,160,160,
no_download,54183,15502,605,4,605,605,
inexact,54190,10175,621,63,1,1,https://api.tuforums.com/cdn/24c2f54b-8c30-4189-a5bb-5fb3e8a7a769
no_download,54239,15502,605,4,605,605,
no_download,54256,3017,415,,415,415,
no_download,54257,5951,340,17,340,340,
no_download,54315,14231,1122,10,1122,1122,
no_download,54322,15502,605,4,605,605,
no_download,54345,3010,259,,259,259,
no_download,54383,14966,,,1548,1524,https://www.123865.com/s/0Ej8Vv-OFCsH
no_download,54390,3004,196,,196,196,
no_download,54393,3002,165,,165,165,
no_download,54407,3009,326,,326,326,
no_download,54408,3008,433,,433,433,
no_download,54409,3007,283,,283,283,
no_download,54413,9661,,,727,719,x
no_download,54414,3006,319,,319,319,
no_download,54415,3005,318,,318,318,
no_download,54417,3004,196,,196,196,
no_download,54418,3010,259,,259,259,
no_download,54419,3003,359,,359,359,
no_download,54420,3002,165,,165,165,
no_download,54421,3001,172,,172,172,
no_download,54422,13706,160,,160,160,
no_download,54423,2999,145,,145,145,
no_download,54425,2998,167,,167,167,
no_download,54515,3019,424,,424,424,
no_download,54596,3015,269,,269,269,
no_download,54619,3024,223,,223,223,
inexact,54729,5851,3298,56,67,67,https://api.tuforums.com/cdn/bb5bb68a-1af4-4a06-ab22-be94102ec771
inexact,54733,15468,486,16,1,1,https://api.tuforums.com/cdn/5a455b20-e2c2-422d-b6b6-bb7714b39b79
inexact,54739,10414,1022,50,1,1,https://api.tuforums.com/cdn/85097099-fcb7-4f3e-a3c2-9760b884febd
no_download,54798,2998,167,,167,167,
no_download,54802,14230,476,,476,476,
no_download,54803,15502,605,4,605,605,
no_download,54814,3022,679,,679,679,
inexact,54845,12522,789,4,1,1,https://api.tuforums.com/cdn/799c9930-3a57-4211-9f65-a27e7ea1d873
no_download,54885,3028,408,,408,408,
no_download,54886,3032,680,,680,680,
no_download,54887,3027,600,,600,600,
no_download,54888,3026,868,,868,868,
no_download,54889,3025,382,,382,382,
no_download,54890,14230,476,,476,476,
no_download,54891,12090,651,,651,651,
no_download,54892,3018,454,,454,454,
no_download,54893,3019,424,,424,424,
no_download,54894,13706,160,,160,160,
no_download,54895,3031,673,,673,673,
no_download,54896,3030,1091,,1093,1093,
no_download,54897,3029,436,,436,436,
no_download,54938,3001,172,,172,172,
inexact,54996,9980,1155,48,114514,114514,https://api.tuforums.com/cdn/6036992a-a556-429a-a575-739673746114
inexact,55007,9980,1155,48,2147483647,2147483647,https://api.tuforums.com/cdn/6036992a-a556-429a-a575-739673746114
inexact,55013,13035,1335,1,676767,676767,https://api.tuforums.com/cdn/d375232a-f366-417e-819a-3ff85dab47c9
no_download,55071,15502,605,4,605,605,
no_download,55076,2998,167,,167,167,
no_download,55077,2999,145,,145,145,
no_download,55078,13706,160,,160,160,
no_download,55082,3001,172,,172,172,
no_download,55133,3009,326,,326,326,
no_download,55134,3007,283,,283,283,
no_download,55135,3006,319,,319,319,
no_download,55136,3005,318,,318,318,
no_download,55137,15502,605,4,605,605,
no_download,55138,3004,196,,196,196,
no_download,55139,3003,359,,359,359,
no_download,55140,3002,165,,165,165,
no_download,55141,3001,172,,172,172,
no_download,55143,3000,160,,160,160,
no_download,55144,2999,145,,145,145,
no_download,55145,2998,167,,167,167,
no_download,55179,9759,,,2549,2458,https://wwoj.lanzouu.com/i5fdR32ij8ja
no_download,55191,15502,605,4,605,605,
no_download,55195,3009,326,,326,326,
inexact,55207,15785,834,116,935,935,https://api.tuforums.com/cdn/5f781d36-d4a5-40a3-90f3-3e4772029cbd
inexact,55208,15785,834,116,935,935,https://api.tuforums.com/cdn/5f781d36-d4a5-40a3-90f3-3e4772029cbd
inexact,55210,15785,834,116,935,935,https://api.tuforums.com/cdn/5f781d36-d4a5-40a3-90f3-3e4772029cbd
inexact,55223,15785,834,116,935,935,https://api.tuforums.com/cdn/5f781d36-d4a5-40a3-90f3-3e4772029cbd
inexact,55228,15785,834,116,935,935,https://api.tuforums.com/cdn/5f781d36-d4a5-40a3-90f3-3e4772029cbd
inexact,55231,15785,834,116,935,935,https://api.tuforums.com/cdn/5f781d36-d4a5-40a3-90f3-3e4772029cbd
inexact,55234,15785,834,116,935,935,https://api.tuforums.com/cdn/5f781d36-d4a5-40a3-90f3-3e4772029cbd
inexact,55239,15785,834,116,935,935,https://api.tuforums.com/cdn/5f781d36-d4a5-40a3-90f3-3e4772029cbd
inexact,55240,15785,834,116,935,935,https://api.tuforums.com/cdn/5f781d36-d4a5-40a3-90f3-3e4772029cbd
inexact,55245,15785,834,116,935,935,https://api.tuforums.com/cdn/5f781d36-d4a5-40a3-90f3-3e4772029cbd
inexact,55250,15785,834,116,935,935,https://api.tuforums.com/cdn/5f781d36-d4a5-40a3-90f3-3e4772029cbd
no_download,55256,15502,605,4,605,605,
no_download,55269,2998,167,,167,167,
no_download,55270,2999,145,,145,145,
no_download,55272,13706,160,,160,160,
no_download,55283,3006,319,,319,319,
no_download,55285,3008,433,,433,433,
no_download,55293,9759,,,2549,2471,https://wwoj.lanzouu.com/i5fdR32ij8ja
no_download,55300,15502,605,4,605,605,
no_download,55301,3000,160,,160,160,
no_download,55307,3019,424,,424,424,
inexact,55311,6258,907,37,943,943,https://api.tuforums.com/cdn/f7162180-a550-45dc-a017-c491d1fe4c0f
inexact,55313,15785,834,116,935,935,https://api.tuforums.com/cdn/5f781d36-d4a5-40a3-90f3-3e4772029cbd
inexact,55315,15785,834,116,935,935,https://api.tuforums.com/cdn/5f781d36-d4a5-40a3-90f3-3e4772029cbd
inexact,55319,15785,834,116,935,935,https://api.tuforums.com/cdn/5f781d36-d4a5-40a3-90f3-3e4772029cbd
inexact,55322,15785,834,116,935,935,https://api.tuforums.com/cdn/5f781d36-d4a5-40a3-90f3-3e4772029cbd
inexact,55324,15785,834,116,935,935,https://api.tuforums.com/cdn/5f781d36-d4a5-40a3-90f3-3e4772029cbd
inexact,55325,15785,834,116,935,935,https://api.tuforums.com/cdn/5f781d36-d4a5-40a3-90f3-3e4772029cbd
inexact,55327,15785,834,116,935,935,https://api.tuforums.com/cdn/5f781d36-d4a5-40a3-90f3-3e4772029cbd
inexact,55329,15785,834,116,935,935,https://api.tuforums.com/cdn/5f781d36-d4a5-40a3-90f3-3e4772029cbd
inexact,55331,15785,834,116,935,935,https://api.tuforums.com/cdn/5f781d36-d4a5-40a3-90f3-3e4772029cbd
inexact,55333,15785,834,116,935,935,https://api.tuforums.com/cdn/5f781d36-d4a5-40a3-90f3-3e4772029cbd
inexact,55334,15785,834,116,935,935,https://api.tuforums.com/cdn/5f781d36-d4a5-40a3-90f3-3e4772029cbd
inexact,55335,15785,834,116,935,935,https://api.tuforums.com/cdn/5f781d36-d4a5-40a3-90f3-3e4772029cbd
inexact,55344,15785,834,116,935,935,https://api.tuforums.com/cdn/5f781d36-d4a5-40a3-90f3-3e4772029cbd
inexact,55350,15785,834,116,935,935,https://api.tuforums.com/cdn/5f781d36-d4a5-40a3-90f3-3e4772029cbd
inexact,55356,15785,834,116,935,935,https://api.tuforums.com/cdn/5f781d36-d4a5-40a3-90f3-3e4772029cbd
no_download,55373,3015,269,,269,269,
no_download,55387,2998,167,,167,167,
inexact,55393,15785,834,116,935,935,https://api.tuforums.com/cdn/5f781d36-d4a5-40a3-90f3-3e4772029cbd
inexact,55394,15785,834,116,935,935,https://api.tuforums.com/cdn/5f781d36-d4a5-40a3-90f3-3e4772029cbd
inexact,55396,15785,834,116,935,935,https://api.tuforums.com/cdn/5f781d36-d4a5-40a3-90f3-3e4772029cbd
no_download,55435,3023,296,,296,296,
inexact,55447,15785,834,116,20000,20000,https://api.tuforums.com/cdn/5f781d36-d4a5-40a3-90f3-3e4772029cbd
no_download,55452,3019,424,,424,424,
no_download,55456,5951,340,17,340,340,
no_download,55458,3014,236,,236,236,
inexact,55473,15785,834,116,935,935,https://api.tuforums.com/cdn/5f781d36-d4a5-40a3-90f3-3e4772029cbd
inexact,55477,15785,834,116,935,935,https://api.tuforums.com/cdn/5f781d36-d4a5-40a3-90f3-3e4772029cbd
inexact,55478,15785,834,116,935,935,https://api.tuforums.com/cdn/5f781d36-d4a5-40a3-90f3-3e4772029cbd
inexact,55544,7008,1865,9,1716,1716,https://api.tuforums.com/cdn/654510e5-c94f-4c81-8425-8b0f4bb6a7ee
no_download,55553,2999,145,,145,145,
inexact,55579,15785,834,116,935,935,https://api.tuforums.com/cdn/5f781d36-d4a5-40a3-90f3-3e4772029cbd
inexact,55583,15832,2151,36,256,256,https://api.tuforums.com/cdn/ca07b221-cad6-41c5-945a-0e189b7d2cc8
inexact,55584,5711,1791,20,2147483647,2147483647,https://api.tuforums.com/cdn/836a37e2-b43a-473a-9d57-6099b3971076
no_download,55587,3017,415,,415,415,
inexact,55608,15785,834,116,935,935,https://api.tuforums.com/cdn/5f781d36-d4a5-40a3-90f3-3e4772029cbd
inexact,55624,15785,834,116,935,935,https://api.tuforums.com/cdn/5f781d36-d4a5-40a3-90f3-3e4772029cbd
no_download,55654,3008,433,,433,433,
no_download,55655,3007,283,,283,283,
inexact,55659,15785,834,116,935,935,https://api.tuforums.com/cdn/5f781d36-d4a5-40a3-90f3-3e4772029cbd
no_download,55662,3006,319,,319,319,
no_download,55663,3005,318,,318,318,
no_download,55664,3004,196,,196,196,
no_download,55665,3003,359,,359,359,
no_download,55666,3002,165,,165,165,
no_download,55667,3001,172,,172,172,
no_download,55668,13706,160,,160,160,
no_download,55669,2999,145,,145,145,
no_download,55670,2998,167,,167,167,
inexact,55677,15785,834,116,935,935,https://api.tuforums.com/cdn/5f781d36-d4a5-40a3-90f3-3e4772029cbd
inexact,55678,15785,834,116,935,935,https://api.tuforums.com/cdn/5f781d36-d4a5-40a3-90f3-3e4772029cbd
inexact,55679,15785,834,116,935,935,https://api.tuforums.com/cdn/5f781d36-d4a5-40a3-90f3-3e4772029cbd
inexact,55687,12632,920,1,91,91,https://api.tuforums.com/cdn/9c26f0c3-b73d-4954-8bf6-f7c75f4533e8
inexact,55701,15785,834,116,935,935,https://api.tuforums.com/cdn/5f781d36-d4a5-40a3-90f3-3e4772029cbd
inexact,55703,5851,3298,56,3323,3323,https://api.tuforums.com/cdn/bb5bb68a-1af4-4a06-ab22-be94102ec771
no_download,55716,3001,172,,172,172,
inexact,55729,15785,834,116,935,935,https://api.tuforums.com/cdn/5f781d36-d4a5-40a3-90f3-3e4772029cbd
inexact,55744,15785,834,116,935,935,https://api.tuforums.com/cdn/5f781d36-d4a5-40a3-90f3-3e4772029cbd
inexact,55745,15785,834,116,935,935,https://api.tuforums.com/cdn/5f781d36-d4a5-40a3-90f3-3e4772029cbd
inexact,55746,15785,834,116,935,935,https://api.tuforums.com/cdn/5f781d36-d4a5-40a3-90f3-3e4772029cbd
no_download,55755,3010,259,,259,259,
no_download,55756,3009,326,,326,326,
no_download,55805,9759,,,2549,2537,https://wwoj.lanzouu.com/i5fdR32ij8ja
no_download,55819,2998,167,,167,167,
inexact,55827,15785,834,116,935,935,https://api.tuforums.com/cdn/5f781d36-d4a5-40a3-90f3-3e4772029cbd
inexact,55846,15785,834,116,935,935,https://api.tuforums.com/cdn/5f781d36-d4a5-40a3-90f3-3e4772029cbd
inexact,55847,15785,834,116,935,935,https://api.tuforums.com/cdn/5f781d36-d4a5-40a3-90f3-3e4772029cbd
no_download,55863,14231,1122,10,1122,1122,
no_download,55901,2999,145,,145,145,
inexact,55910,15785,834,116,935,935,https://api.tuforums.com/cdn/5f781d36-d4a5-40a3-90f3-3e4772029cbd
inexact,55920,15785,834,116,935,935,https://api.tuforums.com/cdn/5f781d36-d4a5-40a3-90f3-3e4772029cbd
no_download,55922,3019,424,,424,424,
inexact,55955,15785,834,116,935,935,https://api.tuforums.com/cdn/5f781d36-d4a5-40a3-90f3-3e4772029cbd
no_download,55961,2999,145,,145,145,
inexact,55977,15785,834,116,935,935,https://api.tuforums.com/cdn/5f781d36-d4a5-40a3-90f3-3e4772029cbd
inexact,55990,15785,834,116,935,935,https://api.tuforums.com/cdn/5f781d36-d4a5-40a3-90f3-3e4772029cbd
inexact,56013,14950,604,8,606,606,https://api.tuforums.com/cdn/5d9773c0-9c48-4136-82da-35a7861b2116
no_download,56031,3002,165,,165,165,
inexact,56034,15785,834,116,935,935,https://api.tuforums.com/cdn/5f781d36-d4a5-40a3-90f3-3e4772029cbd
no_download,56041,13706,160,,160,160,
no_download,56042,3001,172,,172,172,
no_download,56066,3014,236,,236,236,
inexact,56110,15785,834,116,935,935,https://api.tuforums.com/cdn/5f781d36-d4a5-40a3-90f3-3e4772029cbd
no_download,56139,3012,487,,487,487,
no_download,56140,3022,679,,679,679,
no_download,56141,3011,815,,815,815,
no_download,56142,5952,557,,557,557,
inexact,56156,15785,834,116,935,935,https://api.tuforums.com/cdn/5f781d36-d4a5-40a3-90f3-3e4772029cbd
no_download,56169,3007,283,,283,283,
inexact,56248,15785,834,116,114514,114514,https://api.tuforums.com/cdn/5f781d36-d4a5-40a3-90f3-3e4772029cbd
inexact,56263,15785,834,116,935,935,https://api.tuforums.com/cdn/5f781d36-d4a5-40a3-90f3-3e4772029cbd
no_download,56287,3010,259,,259,259,
inexact,56303,15785,834,116,935,935,https://api.tuforums.com/cdn/5f781d36-d4a5-40a3-90f3-3e4772029cbd
inexact,56319,15785,834,116,935,935,https://api.tuforums.com/cdn/5f781d36-d4a5-40a3-90f3-3e4772029cbd
no_download,56320,15502,605,4,605,605,
inexact,56360,11830,14164,836,14857,14595,https://api.tuforums.com/cdn/3cafc5c4-a5df-4787-a5f2-ab89c16967bf
inexact,56361,3632,3337,37,3373,3373,https://api.tuforums.com/cdn/a9cf5977-5be1-4caa-a688-f954f6fad69f
no_download,56383,3032,680,,680,680,
no_download,56384,3030,1091,,1093,1093,
no_download,56385,3029,436,,436,436,
no_download,56386,3028,408,,408,408,
no_download,56387,5952,557,,557,557,
no_download,56388,3021,428,,428,428,
no_download,56389,3020,404,,404,404,
no_download,56390,12090,651,,651,651,
no_download,56391,3022,679,,679,679,
no_download,56392,14230,476,,476,476,
no_download,56393,14231,1122,10,1122,1122,
no_download,56394,3024,223,,223,223,
no_download,56395,15502,605,4,605,605,
no_download,56396,3026,868,,868,868,
no_download,56397,3025,382,,382,382,
no_download,56398,3027,600,,600,600,
no_download,56399,5951,340,17,340,340,
no_download,56400,3018,454,,454,454,
no_download,56401,3023,296,,296,296,
no_download,56402,3017,415,,415,415,
no_download,56403,3019,424,,424,424,
no_download,56404,3016,431,,431,431,
no_download,56405,3015,269,,269,269,
no_download,56406,3014,236,,236,236,
no_download,56407,3013,1324,,1324,1324,
no_download,56408,3012,487,,487,487,
no_download,56409,3010,259,,259,259,
no_download,56410,3011,815,,815,815,
no_download,56411,3009,326,,326,326,
no_download,56412,3008,433,,433,433,
no_download,56413,3007,283,,283,283,
no_download,56414,3006,319,,319,319,
no_download,56415,3005,318,,318,318,
no_download,56416,3004,196,,196,196,
no_download,56417,3003,359,,359,359,
no_download,56418,3002,165,,165,165,
no_download,56419,3001,172,,172,172,
no_download,56420,13706,160,,160,160,
no_download,56421,2999,145,,145,145,
no_download,56422,2998,167,,167,167,
inexact,56428,5363,126,4,9,9,https://api.tuforums.com/cdn/258922f5-fb69-40e0-88e0-7bbdd5892855
inexact,56434,15832,2151,36,256,256,https://api.tuforums.com/cdn/ca07b221-cad6-41c5-945a-0e189b7d2cc8
no_download,56470,3031,673,,673,673,
inexact,56475,15785,834,116,935,935,https://api.tuforums.com/cdn/5f781d36-d4a5-40a3-90f3-3e4772029cbd
no_download,56487,3001,172,,172,172,
inexact,56531,7131,104,5,93,93,https://api.tuforums.com/cdn/c29a95c4-e046-4334-b57d-fab30965f286
no_download,56549,2998,167,,167,167,
inexact,56567,15785,834,116,935,935,https://api.tuforums.com/cdn/5f781d36-d4a5-40a3-90f3-3e4772029cbd
inexact,56572,15785,834,116,935,935,https://api.tuforums.com/cdn/5f781d36-d4a5-40a3-90f3-3e4772029cbd
no_download,56579,3000,160,,160,160,
no_download,56580,2998,167,,167,167,
inexact,56583,15785,834,116,935,935,https://api.tuforums.com/cdn/5f781d36-d4a5-40a3-90f3-3e4772029cbd
no_download,56656,13706,160,,160,160,
no_download,56677,14230,476,,476,476,
inexact,56745,15785,834,116,935,935,https://api.tuforums.com/cdn/5f781d36-d4a5-40a3-90f3-3e4772029cbd
inexact,56746,15785,834,116,935,935,https://api.tuforums.com/cdn/5f781d36-d4a5-40a3-90f3-3e4772029cbd
inexact,56748,15970,946,13,1,1,https://api.tuforums.com/cdn/cadb2990-750f-4a09-ae33-f6ae078c59dd
no_download,56802,2998,167,,167,167,
inexact,56805,15785,834,116,935,935,https://api.tuforums.com/cdn/5f781d36-d4a5-40a3-90f3-3e4772029cbd
no_download,56822,14230,476,,476,476,
inexact,56823,3042,726,3,6,6,https://api.tuforums.com/cdn/407330ad-6692-4696-b164-d762a44acc73
no_download,56836,13706,160,,160,160,
inexact,56870,6258,907,37,943,943,https://api.tuforums.com/cdn/f7162180-a550-45dc-a017-c491d1fe4c0f
inexact,56922,15785,834,116,935,935,https://api.tuforums.com/cdn/5f781d36-d4a5-40a3-90f3-3e4772029cbd
inexact,56946,11830,14164,836,14857,14657,https://api.tuforums.com/cdn/3cafc5c4-a5df-4787-a5f2-ab89c16967bf
no_download,56959,3010,259,,259,259,
inexact,56961,15785,834,116,935,935,https://api.tuforums.com/cdn/5f781d36-d4a5-40a3-90f3-3e4772029cbd
no_download,56967,2998,167,,167,167,
inexact,56998,4094,975,10,285,285,https://api.tuforums.com/cdn/20f56292-d2de-4c25-a772-c585a359f09e
inexact,57119,15785,834,116,935,935,https://api.tuforums.com/cdn/5f781d36-d4a5-40a3-90f3-3e4772029cbd
no_download,57129,3002,165,,165,165,
no_download,57134,3003,359,,359,359,
no_download,57137,3007,283,,283,283,
no_download,57139,3008,433,,433,433,
no_download,57140,3010,259,,259,259,
no_download,57146,3011,815,,815,815,
no_download,57152,3008,433,,433,433,
no_download,57171,3032,680,,671,671,
no_download,57197,3009,326,,326,326,
no_download,57198,3008,433,,433,433,
no_download,57199,3007,283,,283,283,
no_download,57200,3006,319,,319,319,
no_download,57201,3005,318,,318,318,
no_download,57202,3004,196,,196,196,
no_download,57203,3003,359,,359,359,
no_download,57204,3002,165,,165,165,
no_download,57205,3001,172,,172,172,
no_download,57206,13706,160,,160,160,
no_download,57207,2999,145,,145,145,
no_download,57208,2998,167,,167,167,
inexact,57241,15785,834,116,935,935,https://api.tuforums.com/cdn/5f781d36-d4a5-40a3-90f3-3e4772029cbd
inexact,57254,15785,834,116,935,935,https://api.tuforums.com/cdn/5f781d36-d4a5-40a3-90f3-3e4772029cbd
no_download,57333,3015,269,,269,269,
no_download,57337,3019,424,,424,424,
inexact,57349,15785,834,116,935,935,https://api.tuforums.com/cdn/5f781d36-d4a5-40a3-90f3-3e4772029cbd
inexact,57383,7135,2403,49,1,1,https://api.tuforums.com/cdn/c10f9f28-d9ea-4969-87e4-a8dc231c439e
inexact,57416,15785,834,116,935,935,https://api.tuforums.com/cdn/5f781d36-d4a5-40a3-90f3-3e4772029cbd
no_download,57440,2998,167,,167,167,
inexact,57445,15785,834,116,935,935,https://api.tuforums.com/cdn/5f781d36-d4a5-40a3-90f3-3e4772029cbd
no_download,57461,4574,,,3910,3871,https://drive.google.com/file/d/1Q3wtIxbCq5qzlFGjDyL_fJD5g-D3Sy2y/view?usp=drive_link
no_download,57521,9759,,,2549,2497,https://wwoj.lanzouu.com/i5fdR32ij8ja
inexact,57548,12991,1603,3,1,1,https://api.tuforums.com/cdn/e0151c96-4283-481a-81e8-d8f4fdd1d655
inexact,57551,6501,619,3,1,1,https://api.tuforums.com/cdn/be9af7af-125d-47b0-afcd-7d5f8c5028ea
inexact,57552,5174,1202,3,1,1,https://api.tuforums.com/cdn/e8f87d17-17e4-4ed7-abbe-8fe75b3f5fd3
inexact,57553,3514,1689,2,1,1,https://api.tuforums.com/cdn/4f1db8a2-85b9-4ff4-9675-3f8411faaf66
inexact,57554,3059,1101,59,1,1,https://api.tuforums.com/cdn/9f8cb740-a268-4799-9569-3751d0570dcd
inexact,57555,4913,3854,179,1,1,https://api.tuforums.com/cdn/e4011074-447a-4a1c-b0f2-521b8a9613e2
inexact,57556,6316,1773,4,1,1,https://api.tuforums.com/cdn/eb6534e7-0011-46e6-b6df-f85776979fd8
inexact,57559,3610,1770,4,114514,114514,https://api.tuforums.com/cdn/6633faf6-55e9-4abe-89b1-3e1b7da34cb7
inexact,57560,5902,1918,39,67,67,https://api.tuforums.com/cdn/b6cb10bb-1afb-4306-b53a-3ed67902c0d6
inexact,57566,15785,834,116,935,935,https://api.tuforums.com/cdn/5f781d36-d4a5-40a3-90f3-3e4772029cbd
inexact,57593,15785,834,116,935,935,https://api.tuforums.com/cdn/5f781d36-d4a5-40a3-90f3-3e4772029cbd
no_download,57679,15502,605,4,605,605,
no_download,57723,2998,167,,167,167,
inexact,57738,5142,1335,9,1341,1341,https://api.tuforums.com/cdn/abfe6811-57a3-4361-85a8-92174c3733b5
inexact,57773,1957,700,5,1,1,https://api.tuforums.com/cdn/235aac4c-cbe7-4c7b-95ce-91d16030e385
no_download,57777,2998,167,,167,167,
midspin_null,57790,3873,,,102312,102302,https://api.tuforums.com/cdn/f06533e8-923a-4bbe-967f-ce42fd60cc4e
inexact,57791,11830,14164,836,14857,14712,https://api.tuforums.com/cdn/3cafc5c4-a5df-4787-a5f2-ab89c16967bf
no_download,57821,2998,167,,167,167,
no_download,57834,7332,,,2414,2395,https://drive.google.com/drive/folders/1MNDWg1r_ph2lwzcBNyhzdtiwWNJKJzLi?usp=sharing
inexact,57848,15785,834,116,935,935,https://api.tuforums.com/cdn/5f781d36-d4a5-40a3-90f3-3e4772029cbd
no_download,57894,16077,,,1463,1436,https://pan.huang1111.cn/s/E7RWLIb
no_download,57950,13706,160,,160,160,
inexact,57995,15785,834,116,935,935,https://api.tuforums.com/cdn/5f781d36-d4a5-40a3-90f3-3e4772029cbd
no_download,58011,3013,1324,,1324,1324,
no_download,58105,2998,167,,167,167,
inexact,58181,15785,834,116,935,935,https://api.tuforums.com/cdn/5f781d36-d4a5-40a3-90f3-3e4772029cbd
no_download,58185,3002,165,,165,165,
inexact,58224,15785,834,116,935,935,https://api.tuforums.com/cdn/5f781d36-d4a5-40a3-90f3-3e4772029cbd
no_download,58232,3023,296,,296,296,
inexact,58252,2715,3799,22,676767,676767,https://api.tuforums.com/cdn/45462472-1320-4ce6-8906-1457feecbda9
no_download,58255,3008,433,,727,727,
no_download,58276,3009,326,,326,326,
no_download,58309,3020,404,,404,404,
no_download,58310,3006,319,,9,9,
no_download,58311,3009,326,,2147483647,2147483647,
no_download,58312,3008,433,,11,11,
no_download,58314,15502,605,4,2147483643,2147483643,
no_download,58315,14230,476,,14230,14230,
no_download,58316,3004,196,,2147483647,2147483647,
inexact,58327,2247,7333,11,67,67,https://api.tuforums.com/cdn/acc571f9-1881-4377-95ad-906fff66dfb7
inexact,58358,15785,834,116,935,935,https://api.tuforums.com/cdn/5f781d36-d4a5-40a3-90f3-3e4772029cbd
inexact,58373,14064,10,1,114514,114514,https://api.tuforums.com/cdn/6a5ca780-2a58-419f-9bc5-4d8d928946a7
no_download,58381,2998,167,,167,167,
inexact,58382,15438,310,26,253,253,https://api.tuforums.com/cdn/b80ffee2-0a6c-4379-ad57-235801236fd1
no_download,58386,3023,296,,296,296,
no_download,58396,3010,259,,259,259,
inexact,58397,15785,834,116,935,935,https://api.tuforums.com/cdn/5f781d36-d4a5-40a3-90f3-3e4772029cbd
no_download,58409,3021,428,,428,428,
no_download,58425,3031,673,,123,123,
no_download,58426,3029,436,,134711,134711,
no_download,58442,3001,172,,172,172,
no_download,58447,3000,160,,160,160,
no_download,58452,2999,145,,145,145,
no_download,58513,2999,145,,145,145,
inexact,58543,7131,104,5,93,93,https://api.tuforums.com/cdn/c29a95c4-e046-4334-b57d-fab30965f286
inexact,58612,16208,3140,72,1,1,https://api.tuforums.com/cdn/fd49be72-d1cb-4eba-8858-5f72fef93099
no_download,58624,3001,172,,172,172,
no_download,58732,3028,408,,999,999,
no_download,58735,14230,476,,476,476,
no_download,58739,2998,167,,167,167,
no_download,58745,2999,145,,145,145,
no_download,58746,13706,160,,160,160,
no_download,58747,3001,172,,172,172,
no_download,58748,3002,165,,165,165,
no_download,58749,3003,359,,359,359,
no_download,58751,3004,196,,196,196,
no_download,58752,3005,318,,318,318,
no_download,58753,3006,319,,319,319,
no_download,58754,3007,283,,283,283,
no_download,58756,3009,326,,326,326,
no_download,58757,3014,236,,236,236,
no_download,58758,3015,269,,269,269,
no_download,58759,3016,431,,431,431,
no_download,58760,3019,424,,424,424,
no_download,58762,3017,415,,415,415,
no_download,58763,3023,296,,296,296,
no_download,58764,3018,454,,454,454,
no_download,58765,5951,340,17,340,340,
no_download,58769,3020,404,,404,404,
no_download,58771,3021,428,,428,428,
no_download,58780,3011,815,,815,815,
no_download,58783,3024,223,,223,223,
no_download,58784,3025,382,,382,382,
no_download,58786,3027,600,,600,600,
no_download,58789,3029,436,,436,436,
inexact,58803,15785,834,116,935,935,https://api.tuforums.com/cdn/5f781d36-d4a5-40a3-90f3-3e4772029cbd
inexact,58879,4320,209,8,2147483647,2147483647,https://api.tuforums.com/cdn/37c53a4b-f323-4608-b9b2-03cb335d7265
no_download,58897,14231,1122,10,1122,1122,
inexact,58901,773,1326,9,1,1,https://api.tuforums.com/cdn/982d3671-4549-4ebe-adae-bcaa586e3062
no_download,58948,14230,476,,476,476,
inexact,58987,6061,419,111,502,502,https://api.tuforums.com/cdn/79f82edd-872c-423c-8f70-c3ee30503447
inexact,59090,2059,3125,2,1,1,https://api.tuforums.com/cdn/573df930-0674-4de3-890b-f9479c700a34
inexact,59201,15785,834,116,935,935,https://api.tuforums.com/cdn/5f781d36-d4a5-40a3-90f3-3e4772029cbd
inexact,59266,15252,1362,5,1349,1349,https://api.tuforums.com/cdn/485043b0-eb9c-4b2b-95c5-623054cfa78e
no_download,59297,14230,476,,476,476,
no_download,59308,3010,259,,259,259,
no_download,59309,3008,433,,433,433,
no_download,59313,3002,165,,165,165,
no_download,59314,2998,167,,167,167,
inexact,59331,15785,834,116,935,935,https://api.tuforums.com/cdn/5f781d36-d4a5-40a3-90f3-3e4772029cbd
inexact,59333,15785,834,116,935,935,https://api.tuforums.com/cdn/5f781d36-d4a5-40a3-90f3-3e4772029cbd
inexact,59362,15870,1697,81,1,1,https://api.tuforums.com/cdn/a86acf42-c0fc-43a5-84c5-98b44cae08be
no_download,59387,14231,1122,10,1122,1122,
inexact,59453,1280,2670,49,917813,917813,https://api.tuforums.com/cdn/6f0f2b12-28c6-456c-be9d-a62f12d0a622
no_download,59465,3024,223,,223,223,
no_download,59495,2998,167,,167,167,
no_download,59584,2998,167,,167,167,
no_download,59585,2999,145,,145,145,
no_download,59586,13706,160,,160,160,
no_download,59587,3001,172,,172,172,
no_download,59588,3002,165,,165,165,
no_download,59589,3003,359,,359,359,
no_download,59590,3004,196,,196,196,
no_download,59591,3005,318,,318,318,
no_download,59592,3006,319,,319,319,
no_download,59593,3007,283,,283,283,
no_download,59594,3008,433,,433,433,
no_download,59595,3009,326,,326,326,
no_download,59596,3010,259,,259,259,
no_download,59597,3011,815,,815,815,
no_download,59598,3013,1324,,1324,1324,
no_download,59599,3012,487,,487,487,
no_download,59600,3020,404,,404,404,
no_download,59601,3021,428,,428,428,
no_download,59602,3022,679,,679,679,
no_download,59603,3014,236,,236,236,
no_download,59604,3015,269,,269,269,
no_download,59605,3016,431,,431,431,
no_download,59606,3019,424,,424,424,
no_download,59607,5952,557,,557,557,
no_download,59608,3017,415,,415,415,
no_download,59609,3023,296,,296,296,
no_download,59610,3018,454,,454,454,
no_download,59611,5951,340,17,340,340,
no_download,59612,12090,651,,651,651,
no_download,59613,3024,223,,223,223,
no_download,59614,3025,382,,382,382,
no_download,59615,3026,868,,844,844,
no_download,59616,3027,600,,600,600,
no_download,59617,3032,680,,671,671,
no_download,59618,3028,408,,408,408,
no_download,59619,3029,436,,436,436,
no_download,59620,3030,1091,,1091,1091,
no_download,59621,3031,673,,673,673,
no_download,59622,14230,476,,476,476,
no_download,59623,14231,1122,10,1122,1122,
no_download,59624,15502,605,4,605,605,
inexact,59699,15991,653,5,632,632,https://api.tuforums.com/cdn/cb1397cc-cf90-4fb0-bfbc-6893f354a006
inexact,59720,15438,310,26,253,253,https://api.tuforums.com/cdn/b80ffee2-0a6c-4379-ad57-235801236fd1
inexact,59820,15785,834,116,935,935,https://api.tuforums.com/cdn/5f781d36-d4a5-40a3-90f3-3e4772029cbd
inexact,59851,13909,3414,82,3451,3451,https://api.tuforums.com/cdn/8c0fa689-d985-4d3e-961a-d3aceed0b753
inexact,59980,3062,951,3,1,1,https://api.tuforums.com/cdn/b056763b-28a4-47d5-ac90-069559399347
no_download,59987,14231,1122,10,1122,1122,
no_download,60062,14966,,,1551,1510,https://www.123865.com/s/0Ej8Vv-OFCsH
inexact,60109,16334,604,2,1,1,https://api.tuforums.com/cdn/14afeaf8-7fde-489b-8d72-6467510c99fb
no_download,60173,14230,476,,476,476,
inexact,60221,15785,834,116,935,935,https://api.tuforums.com/cdn/5f781d36-d4a5-40a3-90f3-3e4772029cbd
no_download,60232,14966,,,1548,1517,https://www.123865.com/s/0Ej8Vv-OFCsH
inexact,60270,15785,834,116,935,935,https://api.tuforums.com/cdn/5f781d36-d4a5-40a3-90f3-3e4772029cbd
inexact,60297,7308,3862,49,1,1,https://api.tuforums.com/cdn/c4e63124-f389-4292-a06e-4f2b6b44bebe
inexact,60425,2235,2016,97,1,1,https://api.tuforums.com/cdn/b7a79949-9aac-4b21-8e89-d16e728c0fc7
no_download,60435,3010,259,,66679976,66679976,
no_download,60506,14231,1122,10,1122,1122,
inexact,60517,15785,834,116,935,935,https://api.tuforums.com/cdn/5f781d36-d4a5-40a3-90f3-3e4772029cbd
no_download,60554,7468,,,6539,6503,https://wwsa.lanzouu.com/iJ2VC2jhqwob
inexact,60558,8554,554,1,1,1,https://api.tuforums.com/cdn/32df0006-6e6a-4457-90dd-cce7e81623f3
no_download,60569,3002,165,,165,165,
no_download,60598,3016,431,,431,431,
no_download,60602,3015,269,,269,269,
no_download,60620,3011,815,,815,815,
no_download,60670,3003,359,,359,359,
no_download,60710,3015,269,,269,269,
no_download,60720,3019,424,,424,424,
no_download,60730,3016,431,,431,431,
no_download,60830,3018,454,,454,454,
inexact,60858,5210,13,1,123456789,123456789,https://api.tuforums.com/cdn/10966bb0-1f0b-4cd0-a4f5-140ed7d95164
no_download,60942,2998,167,,167,167,
inexact,60978,10901,717,81,795,795,https://api.tuforums.com/cdn/b11c984d-676e-4db0-8962-f5a108241433
inexact,61015,15783,37,4,730,730,https://api.tuforums.com/cdn/84050150-d6d6-46a3-abd3-d47a20924390
no_download,61025,14231,1122,10,1122,1122,
inexact,61118,9850,385,1,390,390,https://api.tuforums.com/cdn/024716f7-1128-42b7-ad80-991fc9855605
inexact,61212,15785,834,116,935,935,https://api.tuforums.com/cdn/5f781d36-d4a5-40a3-90f3-3e4772029cbd
no_download,61222,14230,476,,476,476,
no_download,61223,15502,605,4,605,605,
no_download,61242,15502,605,4,605,605,
inexact,61295,3632,3337,37,3302,3302,https://api.tuforums.com/cdn/a9cf5977-5be1-4caa-a688-f954f6fad69f
no_download,61375,3020,404,,404,404,
no_download,61376,3024,223,,223,223,
no_download,61377,3025,382,,382,382,
no_download,61415,5951,340,17,340,340,
no_download,61421,2998,167,,167,167,
no_download,61422,2999,145,,145,145,
no_download,61423,13706,160,,160,160,
no_download,61424,3001,172,,172,172,
no_download,61425,3002,165,,165,165,
no_download,61427,3004,196,,196,196,
inexact,61492,16603,1264,44,1147,1147,https://api.tuforums.com/cdn/2ef0d311-f537-4b0b-ab3e-4523b535d773
inexact,61494,5142,1335,9,8835,8835,https://api.tuforums.com/cdn/abfe6811-57a3-4361-85a8-92174c3733b5
no_download,61582,13706,160,,160,160,
inexact,61628,14950,604,8,606,606,https://api.tuforums.com/cdn/5d9773c0-9c48-4136-82da-35a7861b2116
inexact,61631,15785,834,116,935,935,https://api.tuforums.com/cdn/5f781d36-d4a5-40a3-90f3-3e4772029cbd
inexact,61742,16404,764,2,9178,9178,https://api.tuforums.com/cdn/ccc00782-aec0-4652-b45b-0c14732e7aef
no_download,61767,5400,,,665,665,
inexact,61777,16345,733,65,763,763,https://api.tuforums.com/cdn/a48ac9da-0ef7-40ac-adf9-9ac2940b8b9c
no_download,61790,3002,165,,165,165,
no_download,61791,15502,605,4,605,605,
inexact,61797,7008,1865,9,1716,1716,https://api.tuforums.com/cdn/654510e5-c94f-4c81-8425-8b0f4bb6a7ee
no_download,61933,3019,424,,424,424,
inexact,61948,15785,834,116,9999,9999,https://api.tuforums.com/cdn/5f781d36-d4a5-40a3-90f3-3e4772029cbd
inexact,61958,2893,1935,306,1,1,https://api.tuforums.com/cdn/5701af62-435f-420e-8837-8b7d4e66a39e
no_download,61961,3024,223,,223,223,
ancient_5405,61984,13763,541,14,50,40,https://api.tuforums.com/cdn/140bf024-28fe-4131-8eea-ef31baf286b6
no_download,62043,12090,651,,651,651,
no_download,62108,3028,408,,408,408,
no_download,62120,3021,428,,428,428,
no_download,62128,3008,433,,433,433,
no_download,62355,15502,605,4,605,605,
no_download,62551,3023,296,,296,296,
no_download,62659,3008,433,,433,433,
inexact,62747,3118,1875,45,1,1,https://api.tuforums.com/cdn/abd6d836-b68e-4752-9fae-201d06419763
